subject_id,image_path,image_url,grb_id,t_start,t_stop,label,label_id,raw_metadata,subject_set_id
95225861,data\zooniverse\images\95225861.png,https://panoptes-uploads.zooniverse.org/subject_location/89f658d8-8007-4499-80f9-c016d94cb514.png,GRB111228A,,,pulse,0,"{""#feedback_1_id"": ""21908"", ""BAT light curve"": ""https://swift.gsfc.nasa.gov/results/batgrbcat//GRB111228A/web/GRB111228A.html#lc"", ""#feedback_1_answer"": ""0"", ""#feedback_1_failureMessage"": ""Most of the counts in the red circle are above zero, and these counts are much higher than the noise fluctuations (ups-and-downs) shown in the white region. Also, the red circule is in the blue region where the computer determines where most of the burst emission is."", ""#feedback_1_successMessage"": ""You got it! This is a pulse. Most of the counts in the red circle are above zero, and these counts are much higher than the noise fluctuations (ups-and-downs) shown in the white region. Also, the red circule is in the blue region where the computer determines where most of the burst emission is.""}",
95225862,data\zooniverse\images\95225862.png,https://panoptes-uploads.zooniverse.org/subject_location/2c8e50bb-d0bd-42db-a92d-8ae6d0b778bf.png,GRB150711A,,,pulse,0,"{""#feedback_1_id"": ""21908"", ""BAT light curve"": ""https://swift.gsfc.nasa.gov/results/batgrbcat//GRB150711A/web/GRB150711A.html#lc"", ""#feedback_1_answer"": ""0"", ""#feedback_1_failureMessage"": ""Almost all the counts in the red circle are above zero, and these counts are much higher than the noise fluctuations (ups-and-downs) shown in the white region.. Also, the red circle is in the blue region where the computer determines where most of the burst emission is."", ""#feedback_1_successMessage"": ""You got it! This is a pulse. Almost all the counts in the red circle are above zero, and these counts are much higher than the noise fluctuations (ups-and-downs) shown in the white region.. Also, the red circle is in the blue region where the computer determines where most of the burst emission is.""}",
95225863,data\zooniverse\images\95225863.png,https://panoptes-uploads.zooniverse.org/subject_location/9dec14cc-466f-4561-93a6-30e92d57c36c.png,GRB151210A,,,pulse,0,"{""#feedback_1_id"": ""21908"", ""BAT light curve"": ""https://swift.gsfc.nasa.gov/results/batgrbcat//GRB151210A/web/GRB151210A.html#lc"", ""#feedback_1_answer"": ""0"", ""#feedback_1_failureMessage"": ""This is a pulse. Almost all the counts in the red circle are above zero, and these counts are much higher than the noise fluctuations (ups-and-downs) shown in the white region. Also, the red circle is in the blue region where the computer determines where most of the burst emission is"", ""#feedback_1_successMessage"": ""You got it! This is a pulse. Almost all the counts in the red circle are above zero, and these counts are much higher than the noise fluctuations (ups-and-downs) shown in the white region. Also, the red circle is in the blue region where the computer determines where most of the burst emission is.""}",
95225864,data\zooniverse\images\95225864.png,https://panoptes-uploads.zooniverse.org/subject_location/3ca3d243-408d-42da-ae55-226b9390bdb6.png,GRB170126A,,,pulse,0,"{""#feedback_1_id"": ""21908"", ""BAT light curve"": ""https://swift.gsfc.nasa.gov/results/batgrbcat//GRB170126A/web/GRB170126A.html#lc"", ""#feedback_1_answer"": ""0"", ""#feedback_1_failureMessage"": ""This is a pulse. All the counts in the red circles are well above zero, and these counts are much higher than the noise fluctuations (ups-and-downs) shown in the white region (the noise area determined by the computer). Also, the light curves are pretty smooth, indicating that there is not much noise."", ""#feedback_1_successMessage"": ""You got it! This is a pulse. All the counts in the red circles are well above zero, and these counts are much higher than the noise fluctuations (ups-and-downs) shown in the white region (the noise area determined by the computer). Also, the light curves are pretty smooth, indicating that there is not much noise.""}",
95225865,data\zooniverse\images\95225865.png,https://panoptes-uploads.zooniverse.org/subject_location/ec8e7f3d-8ecc-4a7e-bc91-23d3671548eb.png,GRB181126A,,,pulse,0,"{""#feedback_1_id"": ""21908"", ""BAT light curve"": ""https://swift.gsfc.nasa.gov/results/batgrbcat//GRB181126A/web/GRB181126A.html#lc"", ""#feedback_1_answer"": ""0"", ""#feedback_1_failureMessage"": ""This is a pulse. This is standard short pulse that lasts only for a couple seconds and the counts in the pulse are much higher than the rest of area around it."", ""#feedback_1_successMessage"": ""You got it! This is a pulse. This is standard short pulse that lasts only for a couple seconds and the counts in the pulse are much higher than the rest of area around it.""}",
95225866,data\zooniverse\images\95225866.png,https://panoptes-uploads.zooniverse.org/subject_location/57039958-361d-4390-9d59-9319e9eb72bf.png,GRB190106A,,,pulse,0,"{""#feedback_1_id"": ""21908"", ""BAT light curve"": ""https://swift.gsfc.nasa.gov/results/batgrbcat//GRB190106A/web/GRB190106A.html#lc"", ""#feedback_1_answer"": ""0"", ""#feedback_1_failureMessage"": ""This is a pulse. Despite some small noise fluctuations (ups-and-downs in counts), all the counts in the red circles are well above zero, and these counts are much higher than the noise fluctuations (ups-and-downs) shown in the white region. Thus, this is a pulse."", ""#feedback_1_successMessage"": ""You got it! This is a pulse. Despite some small noise fluctuations (ups-and-downs in counts), all the counts in the red circles are well above zero, and these counts are much higher than the noise fluctuations (ups-and-downs) shown in the white region. Thus, this is a pulse.""}",
95225867,data\zooniverse\images\95225867.png,https://panoptes-uploads.zooniverse.org/subject_location/b7f5aed7-1dc5-4fdf-802c-7d60598d3482.png,GRB190110A,,,noise,1,"{""#feedback_1_id"": ""21908"", ""BAT light curve"": ""https://swift.gsfc.nasa.gov/results/batgrbcat//GRB190110A/web/GRB190110A.html#lc"", ""#feedback_1_answer"": ""1"", ""#feedback_1_failureMessage"": ""This is likely noise. Despite some counts in the red circle are above zero, many counts in the red circle are also below zero. None of these counts in the red circle are much higher than the noise fluctuations (ups-and-downs) shown in the white region. Also, the red circle is outside of the blue region, indicating that the computer does not think this is a pulse."", ""#feedback_1_successMessage"": ""You got it! This is likely noise. Despite some counts in the red circle are above zero, many counts in the red circle are also below zero. None of these counts in the red circle are much higher than the noise fluctuations (ups-and-downs) shown in the white region. Also, the red circle is outside of the blue region, indicating that the computer does not think this is a pulse.""}",
95225868,data\zooniverse\images\95225868.png,https://panoptes-uploads.zooniverse.org/subject_location/05e86da1-ff3e-49d3-8279-56de7fdfbc9c.png,GRB190114B,,,unclear,2,"{""#feedback_1_id"": ""21908"", ""BAT light curve"": ""https://swift.gsfc.nasa.gov/results/batgrbcat//GRB190114B/web/GRB190114B.html#lc"", ""#feedback_1_answer"": ""2"", ""#feedback_1_failureMessage"": ""It is a bit hard to tell in this case. Although this is probably more likely to be a pulse, because most of the counts are above the zero line and it is in the blue region. However, the level of ups-and-downs in the red circle are similar to those on its right in the white region. Thus, we cannot be 100% sure that this is a pulse. Please use your best judgement in cases like this."", ""#feedback_1_successMessage"": ""Correct. It is a bit hard to tell in this case. Although this is likely to be a pulse, because most of the counts are above the zero line and it is in the blue region. However, the level of ups-and-downs in the red circle are similar to those on its right in the white region. Thus, we cannot be 100% sure that this is a pulse.  Please use your best judgement in cases like this.""}",
95225869,data\zooniverse\images\95225869.png,https://panoptes-uploads.zooniverse.org/subject_location/af4ca9da-3ac8-4096-9fde-c2ec013081cd.png,GRB190123A,,,unclear,2,"{""#feedback_1_id"": ""21908"", ""BAT light curve"": ""https://swift.gsfc.nasa.gov/results/batgrbcat//GRB190123A/web/GRB190123A.html#lc"", ""#feedback_1_answer"": ""2"", ""#feedback_1_failureMessage"": ""It is hard to tell in this case. Even though it is in the blue region, the larger counts in the red circle are only slightly higher than the noise fluctuation (ups-and-downs) in the white region, where the computer determines to be noise. Also, there are several ups-and-downs in the red circle with similar scales to those in the white region. Please use your best judgement in cases like this."", ""#feedback_1_successMessage"": ""Correct. It is hard to tell. Even though it is in the blue region, the larger counts in the red circle are only slightly higher than the noise fluctuation (ups-and-downs) in the white region, where the computer determines to be noise. Also, there are several ups-and-downs in the red circle with similar scales to those in the white region. Please use your best judgement in cases like this.""}",
95225870,data\zooniverse\images\95225870.png,https://panoptes-uploads.zooniverse.org/subject_location/9b60ade4-563c-4170-8698-dcd1703fccc3.png,GRB190324A,,,pulse,0,"{""#feedback_1_id"": ""21908"", ""BAT light curve"": ""https://swift.gsfc.nasa.gov/results/batgrbcat//GRB190324A/web/GRB190324A.html#lc"", ""#feedback_1_answer"": ""0"", ""#feedback_1_failureMessage"": ""This is a pulse. Even though this pulse in the red circle is much smaller than the big one in the figure, almost all the counts in the red circle are above zero, and those counts are in general much higher than the noise fluctuation (the ups-and-downs) in the white region, where computer determines to be noise."", ""#feedback_1_successMessage"": ""You got it! This is a pulse. Even though this pulse in the red circle is much smaller than the big one in the figure, almost all the counts in the red circle are above zero, and those counts are in general much higher than the noise fluctuation (the ups-and-downs) in the white region, where computer determines to be noise.""}",
95225871,data\zooniverse\images\95225871.png,https://panoptes-uploads.zooniverse.org/subject_location/8d5a1b54-f0ec-455b-81bd-90b805bef992.png,GRB190611A,,,noise,1,"{""#feedback_1_id"": ""21908"", ""BAT light curve"": ""https://swift.gsfc.nasa.gov/results/batgrbcat//GRB190611A/web/GRB190611A.html#lc"", ""#feedback_1_answer"": ""1"", ""#feedback_1_failureMessage"": ""This is likely noise. Even though the counts in the red circle are above zeros, the height of this pulse is smaller than the noise fluctuation. That is, even though the highest point in this pulse reaches around 0.04, you can see that there are dips in the plot that reach -0.04. This means that the positive count in the red circle is due to the noise fluctuation and it is not a real pulse. In addition, the red circle lies outside of the blue region, indicating the computer also determines this to be noise."", ""#feedback_1_successMessage"": ""You got it! This is likely noise. Even though the counts in the red circle are above zeros, the height of this pulse is smaller than the noise fluctuation. That is, even though the highest point in this pulse reaches around 0.04, you can see that there are dips in the plot that reach -0.04. This means that the positive count in the red circle is due to the noise fluctuation and it is not a real pulse. In addition, the red circle lies outside of the blue region, indicating the computer also determines this to be noise.""}",
95225872,data\zooniverse\images\95225872.png,https://panoptes-uploads.zooniverse.org/subject_location/23df608a-c939-4811-83ef-fe70558e64b5.png,GRB190719C,,,pulse,0,"{""#feedback_1_id"": ""21908"", ""BAT light curve"": ""https://swift.gsfc.nasa.gov/results/batgrbcat//GRB190719C/web/GRB190719C.html#lc"", ""#feedback_1_answer"": ""0"", ""#feedback_1_failureMessage"": ""This is a pulse. Despite some noise fluctuations (ups-and-downs) in the red circle region, almost all the counts are above zero and the counts are higher than the level of noise fluctuation in the white region, where the computer determines to be noise."", ""#feedback_1_successMessage"": ""You got it! This is a pulse. Despite some noise fluctuations (ups-and-downs) in the red circle region, almost all the counts are above zero and the counts are higher than the level of noise fluctuation in the white region, where the computer determines to be noise.""}",
95225873,data\zooniverse\images\95225873.png,https://panoptes-uploads.zooniverse.org/subject_location/60439e8b-8fcd-4543-ab10-f7cd2f7a12ed.png,GRB190824A,,,pulse,0,"{""#feedback_1_id"": ""21908"", ""BAT light curve"": ""https://swift.gsfc.nasa.gov/results/batgrbcat//GRB190824A/web/GRB190824A.html#lc"", ""#feedback_1_answer"": ""0"", ""#feedback_1_failureMessage"": ""This is a pulse. Despite some noise fluctuations (ups-and-downs) in the red circle, most of the counts are higher than the noise fluctuation (ups-and-downs) in the white region, where the computer determines to be noise. Therefore, this is a pulse."", ""#feedback_1_successMessage"": ""You got it! This is a pulse. Despite some noise fluctuations (ups-and-downs) in the red circle, most of the counts are higher than the noise fluctuation (ups-and-downs) in the white region, where the computer determines to be noise. Therefore, this is a pulse.""}",
95225874,data\zooniverse\images\95225874.png,https://panoptes-uploads.zooniverse.org/subject_location/234f138a-1e34-4eec-ab7a-ef7d62390531.png,GRB190829A,,,noise,1,"{""#feedback_1_id"": ""21908"", ""BAT light curve"": ""https://swift.gsfc.nasa.gov/results/batgrbcat//GRB190829A/web/GRB190829A.html#lc"", ""#feedback_1_answer"": ""1"", ""#feedback_1_failureMessage"": ""This is likely noise. Despite being in the blue region, the counts in the red circle go up and down around the zero line and dips below the zero line many times. Therefore, this is noise. Sometime you will see some noise intervals in the blue region, like this one."", ""#feedback_1_successMessage"": ""You got it! This is likely noise. Despite being in the blue region, the counts in the red circle go up and down around the zero line and dips below the zero line many times. Therefore, this is noise. Sometime you will see some noise intervals in the blue region, like this one.""}",
95225875,data\zooniverse\images\95225875.png,https://panoptes-uploads.zooniverse.org/subject_location/592ea56a-71cb-4e7c-af53-39e1b6b58231.png,GRB200131A,,,pulse,0,"{""#feedback_1_id"": ""21908"", ""BAT light curve"": ""https://swift.gsfc.nasa.gov/results/batgrbcat//GRB200131A/web/GRB200131A.html#lc"", ""#feedback_1_answer"": ""0"", ""#feedback_1_failureMessage"": ""This is a pulse. Even though this pulse is very small compares to the large pulse on its left, the counts in the red circle are much higher than the noise fluctuations (ups-and-downs) in the white region, where the computer determines to be noise."", ""#feedback_1_successMessage"": ""You got it! This is a pulse. Even though this pulse is very small compares to the large pulse on its left, the counts in the red circle are much higher than the noise fluctuations (ups-and-downs) in the white region, where the computer determines to be noise.""}",
95225876,data\zooniverse\images\95225876.png,https://panoptes-uploads.zooniverse.org/subject_location/a8be2180-300a-4654-8db6-b87127953ada.png,GRB200216B,,,pulse,0,"{""#feedback_1_id"": ""21908"", ""BAT light curve"": ""https://swift.gsfc.nasa.gov/results/batgrbcat//GRB200216B/web/GRB200216B.html#lc"", ""#feedback_1_answer"": ""0"", ""#feedback_1_failureMessage"": ""This is a pulse. Even though there are a lot of noise fluctuation (ups-and-downs) inside the red circle, these counts rarely dip below the zero line and are generally higher than the ups-and-downs in the white region, where computer determines to be noise."", ""#feedback_1_successMessage"": ""You got it! This is a pulse. Even though there are a lot of noise fluctuation (ups-and-downs) inside the red circle, these counts rarely dip below the zero line and are generally higher than the ups-and-downs in the white region, where computer determines to be noise.""}",
95225877,data\zooniverse\images\95225877.png,https://panoptes-uploads.zooniverse.org/subject_location/736b114d-ea3c-41b7-b2a8-2d6ac6c934e5.png,GRB200224A,,,unclear,2,"{""#feedback_1_id"": ""21908"", ""BAT light curve"": ""https://swift.gsfc.nasa.gov/results/batgrbcat//GRB200224A/web/GRB200224A.html#lc"", ""#feedback_1_answer"": ""2"", ""#feedback_1_failureMessage"": ""It is actually hard to tell in this case. This is possible to be noise because there are a lot of ups-and-downs in the area with only one single high peak in the red circle. Also, the height of the peak is not much larger than other peaks shown in the white region, where the computer determines to be noise. However, it is inside the blue region, where most of the burst emission lies (as determined by the computer). Therefore, it is a bit hard to tell in this case. Please use your best judgement in such cases."", ""#feedback_1_successMessage"": ""Correct. It is hard to tell. There are a lot of ups-and-downs in the area, even though there is one single high peak in the red circle, the height of the peak is not much larger than other peaks shown in the white region, where the computer determines to be noise. However, it is inside the blue region, where most of the burst emission lies (as determined by the computer). Therefore, it is hard to tell in this case. Please use your best judgement in such case.""}",
95225878,data\zooniverse\images\95225878.png,https://panoptes-uploads.zooniverse.org/subject_location/37819ccb-cdba-486d-b5c7-0da77067e1aa.png,GRB200425A,,,noise,1,"{""#feedback_1_id"": ""21908"", ""BAT light curve"": ""https://swift.gsfc.nasa.gov/results/batgrbcat//GRB200425A/web/GRB200425A.html#lc"", ""#feedback_1_answer"": ""1"", ""#feedback_1_failureMessage"": ""This is likely noise based on the current figure. The counts in the red circle fluctuate around the zero line, meaning that there are no significant pulses in this area. Also, the ups-and-downs in the red circle has similar scales as those in the white region, where the computer determines to be noise. (For experts: Because the area is inside the blue region, the computer may have detected some very weak emissions that can only be seen if we re-bin the data with a larger bin size.)"", ""#feedback_1_successMessage"": ""You got it! This is likely noise based on the current figure. The counts in the red circle fluctuate around the zero line, meaning that there are no significant pulses in this area. Also, the ups-and-downs in the red circle has similar scales as those in the white region, where the computer determines to be noise. (For experts: Because the area is inside the blue region, the computer may have detected some very weak emissions that can only be seen if we re-bin the data with a larger bin size.)""}",
95225879,data\zooniverse\images\95225879.png,https://panoptes-uploads.zooniverse.org/subject_location/40e8df5f-a4e1-4d17-a261-21a1081c47ed.png,GRB200512A,,,noise,1,"{""#feedback_1_id"": ""21908"", ""BAT light curve"": ""https://swift.gsfc.nasa.gov/results/batgrbcat//GRB200512A/web/GRB200512A.html#lc"", ""#feedback_1_answer"": ""1"", ""#feedback_1_failureMessage"": ""This is likely noise. There is only one signal high peak surrounded by lots of noise (those counts that fluctuate around the zero line). Also, this high peak is in the white region, where the computer determines to be noise."", ""#feedback_1_successMessage"": ""You got it! This is likely noise. There is only one signal high peak surrounded by lots of noise (those counts that fluctuate around the zero line). Also, this high peak is in the white region, where the computer determines to be noise.""}",
95372762,data\zooniverse\images\95372762.png,https://panoptes-uploads.zooniverse.org/subject_location/5869dfca-d2e2-42bd-9f36-a9157c0f4981.png,GRB041217,,,,-1,"{""SIMBAD"": ""https://simbad.u-strasbg.fr/simbad/sim-id?Ident=GRB041217&NbIdent=1&Radius=2&Radius.unit=arcmin&submit=submit+id"", ""GRB Location"": ""RA:N/A, DEC:N/A"", ""BAT light curve"": ""https://swift.gsfc.nasa.gov/results/batgrbcat//GRB041217/web/GRB041217.html#lc"", ""X-ray light curve"": ""https://www.swift.ac.uk/xrt_live_cat/00100116""}",118003.0
95372765,data\zooniverse\images\95372765.png,https://panoptes-uploads.zooniverse.org/subject_location/0ee7ffa2-b382-478b-8652-a7b93d664469.png,GRB041219C,,,,-1,"{""SIMBAD"": ""https://simbad.u-strasbg.fr/simbad/sim-id?Ident=GRB041219C&NbIdent=1&Radius=2&Radius.unit=arcmin&submit=submit+id"", ""GRB Location"": ""RA:N/A, DEC:N/A"", ""BAT light curve"": ""https://swift.gsfc.nasa.gov/results/batgrbcat//GRB041219C/web/GRB041219C.html#lc"", ""X-ray light curve"": ""https://www.swift.ac.uk/xrt_live_cat/00100380""}",118003.0
95372767,data\zooniverse\images\95372767.png,https://panoptes-uploads.zooniverse.org/subject_location/7c39d61b-cd6c-4329-b254-4f6f31e1a75b.png,GRB041220,,,,-1,"{""SIMBAD"": ""https://simbad.u-strasbg.fr/simbad/sim-id?Ident=GRB041220&NbIdent=1&Radius=2&Radius.unit=arcmin&submit=submit+id"", ""GRB Location"": ""RA:N/A, DEC:N/A"", ""BAT light curve"": ""https://swift.gsfc.nasa.gov/results/batgrbcat//GRB041220/web/GRB041220.html#lc"", ""X-ray light curve"": ""https://www.swift.ac.uk/xrt_live_cat/00100433""}",118003.0
95372768,data\zooniverse\images\95372768.png,https://panoptes-uploads.zooniverse.org/subject_location/bafc470a-28c0-42c1-a682-7a9d1daafb4a.png,GRB041223,,,,-1,"{""SIMBAD"": ""https://simbad.u-strasbg.fr/simbad/sim-id?Ident=GRB041223&NbIdent=1&Radius=2&Radius.unit=arcmin&submit=submit+id"", ""GRB Location"": ""RA:100.1973773949, DEC:-37.0734871505"", ""BAT light curve"": ""https://swift.gsfc.nasa.gov/results/batgrbcat//GRB041223/web/GRB041223.html#lc"", ""X-ray light curve"": ""https://www.swift.ac.uk/xrt_live_cat/00100585""}",118003.0
95372769,data\zooniverse\images\95372769.png,https://panoptes-uploads.zooniverse.org/subject_location/e1bd2605-daa5-4608-992c-16d1ac6e57bd.png,GRB041224,,,,-1,"{""SIMBAD"": ""https://simbad.u-strasbg.fr/simbad/sim-id?Ident=GRB041224&NbIdent=1&Radius=2&Radius.unit=arcmin&submit=submit+id"", ""GRB Location"": ""RA:N/A, DEC:N/A"", ""BAT light curve"": ""https://swift.gsfc.nasa.gov/results/batgrbcat//GRB041224/web/GRB041224.html#lc"", ""X-ray light curve"": ""https://www.swift.ac.uk/xrt_live_cat/00100703""}",118003.0
95372770,data\zooniverse\images\95372770.png,https://panoptes-uploads.zooniverse.org/subject_location/cce1264a-4d8b-43a5-8117-d9fc32536ad7.png,GRB041226,,,,-1,"{""SIMBAD"": ""https://simbad.u-strasbg.fr/simbad/sim-id?Ident=GRB041226&NbIdent=1&Radius=2&Radius.unit=arcmin&submit=submit+id"", ""GRB Location"": ""RA:N/A, DEC:N/A"", ""BAT light curve"": ""https://swift.gsfc.nasa.gov/results/batgrbcat//GRB041226/web/GRB041226.html#lc"", ""X-ray light curve"": ""https://www.swift.ac.uk/xrt_live_cat/00100815""}",118003.0
95372771,data\zooniverse\images\95372771.png,https://panoptes-uploads.zooniverse.org/subject_location/0e82f620-e1d3-4580-873e-9ba8e20e3a1a.png,GRB041228,,,,-1,"{""SIMBAD"": ""https://simbad.u-strasbg.fr/simbad/sim-id?Ident=GRB041228&NbIdent=1&Radius=2&Radius.unit=arcmin&submit=submit+id"", ""GRB Location"": ""RA:N/A, DEC:N/A"", ""BAT light curve"": ""https://swift.gsfc.nasa.gov/results/batgrbcat//GRB041228/web/GRB041228.html#lc"", ""X-ray light curve"": ""https://www.swift.ac.uk/xrt_live_cat/00100970""}",118003.0
95372774,data\zooniverse\images\95372774.png,https://panoptes-uploads.zooniverse.org/subject_location/d774b6a9-71a5-4fa2-af35-0a070b604227.png,GRB050117,,,,-1,"{""SIMBAD"": ""https://simbad.u-strasbg.fr/simbad/sim-id?Ident=GRB050117&NbIdent=1&Radius=2&Radius.unit=arcmin&submit=submit+id"", ""GRB Location"": ""RA:N/A, DEC:N/A"", ""BAT light curve"": ""https://swift.gsfc.nasa.gov/results/batgrbcat//GRB050117/web/GRB050117.html#lc"", ""X-ray light curve"": ""https://www.swift.ac.uk/xrt_live_cat/00102861""}",118003.0
95372775,data\zooniverse\images\95372775.png,https://panoptes-uploads.zooniverse.org/subject_location/d45f0cdf-d89b-4d31-a1a0-4645860f7504.png,GRB050124,,,,-1,"{""SIMBAD"": ""https://simbad.u-strasbg.fr/simbad/sim-id?Ident=GRB050124&NbIdent=1&Radius=2&Radius.unit=arcmin&submit=submit+id"", ""GRB Location"": ""RA:192.87695, DEC:13.04422"", ""BAT light curve"": ""https://swift.gsfc.nasa.gov/results/batgrbcat//GRB050124/web/GRB050124.html#lc"", ""X-ray light curve"": ""https://www.swift.ac.uk/xrt_live_cat/00103647""}",118003.0
95372777,data\zooniverse\images\95372777.png,https://panoptes-uploads.zooniverse.org/subject_location/a3fe41b9-cb18-4d49-9f6b-5f1e7142dc47.png,GRB050126,,,,-1,"{""SIMBAD"": ""https://simbad.u-strasbg.fr/simbad/sim-id?Ident=GRB050126&NbIdent=1&Radius=2&Radius.unit=arcmin&submit=submit+id"", ""GRB Location"": ""RA:278.112847385, DEC:42.3704665763"", ""BAT light curve"": ""https://swift.gsfc.nasa.gov/results/batgrbcat//GRB050126/web/GRB050126.html#lc"", ""X-ray light curve"": ""https://www.swift.ac.uk/xrt_live_cat/00103780""}",118003.0
95372780,data\zooniverse\images\95372780.png,https://panoptes-uploads.zooniverse.org/subject_location/e8a56989-1371-43e1-95a1-ae5e768eabf8.png,GRB050128,,,,-1,"{""SIMBAD"": ""https://simbad.u-strasbg.fr/simbad/sim-id?Ident=GRB050128&NbIdent=1&Radius=2&Radius.unit=arcmin&submit=submit+id"", ""GRB Location"": ""RA:219.57385, DEC:-34.76537"", ""BAT light curve"": ""https://swift.gsfc.nasa.gov/results/batgrbcat//GRB050128/web/GRB050128.html#lc"", ""X-ray light curve"": ""https://www.swift.ac.uk/xrt_live_cat/00103906""}",118003.0
95372781,data\zooniverse\images\95372781.png,https://panoptes-uploads.zooniverse.org/subject_location/216f06f6-0461-4bc9-857c-5127657a8fc8.png,GRB050202,,,,-1,"{""SIMBAD"": ""https://simbad.u-strasbg.fr/simbad/sim-id?Ident=GRB050202&NbIdent=1&Radius=2&Radius.unit=arcmin&submit=submit+id"", ""GRB Location"": ""RA:N/A, DEC:N/A"", ""BAT light curve"": ""https://swift.gsfc.nasa.gov/results/batgrbcat//GRB050202/web/GRB050202.html#lc"", ""X-ray light curve"": ""https://www.swift.ac.uk/xrt_live_cat/00104298""}",118003.0
95372782,data\zooniverse\images\95372782.png,https://panoptes-uploads.zooniverse.org/subject_location/16956142-f57f-4699-9e96-6fd3b1b6bba8.png,GRB050215A,,,,-1,"{""SIMBAD"": ""https://simbad.u-strasbg.fr/simbad/sim-id?Ident=GRB050215A&NbIdent=1&Radius=2&Radius.unit=arcmin&submit=submit+id"", ""GRB Location"": ""RA:N/A, DEC:N/A"", ""BAT light curve"": ""https://swift.gsfc.nasa.gov/results/batgrbcat//GRB050215A/web/GRB050215A.html#lc"", ""X-ray light curve"": ""https://www.swift.ac.uk/xrt_live_cat/00106106""}",118003.0
95372783,data\zooniverse\images\95372783.png,https://panoptes-uploads.zooniverse.org/subject_location/9cc6f65c-5e53-49a8-976b-6699db24ebfc.png,GRB050215B,,,,-1,"{""SIMBAD"": ""https://simbad.u-strasbg.fr/simbad/sim-id?Ident=GRB050215B&NbIdent=1&Radius=2&Radius.unit=arcmin&submit=submit+id"", ""GRB Location"": ""RA:174.44819, DEC:40.79697"", ""BAT light curve"": ""https://swift.gsfc.nasa.gov/results/batgrbcat//GRB050215B/web/GRB050215B.html#lc"", ""X-ray light curve"": ""https://www.swift.ac.uk/xrt_live_cat/00106107""}",118003.0
95372784,data\zooniverse\images\95372784.png,https://panoptes-uploads.zooniverse.org/subject_location/5b24ae5e-20fd-4eeb-aee9-f33751531cc0.png,GRB050219A,,,,-1,"{""SIMBAD"": ""https://simbad.u-strasbg.fr/simbad/sim-id?Ident=GRB050219A&NbIdent=1&Radius=2&Radius.unit=arcmin&submit=submit+id"", ""GRB Location"": ""RA:166.41232, DEC:-40.68408"", ""BAT light curve"": ""https://swift.gsfc.nasa.gov/results/batgrbcat//GRB050219A/web/GRB050219A.html#lc"", ""X-ray light curve"": ""https://www.swift.ac.uk/xrt_live_cat/00106415""}",118003.0
95372785,data\zooniverse\images\95372785.png,https://panoptes-uploads.zooniverse.org/subject_location/565e5a57-a2a6-4743-9c2e-35db3233fd15.png,GRB050219B,,,,-1,"{""SIMBAD"": ""https://simbad.u-strasbg.fr/simbad/sim-id?Ident=GRB050219B&NbIdent=1&Radius=2&Radius.unit=arcmin&submit=submit+id"", ""GRB Location"": ""RA:81.31716, DEC:-57.75791"", ""BAT light curve"": ""https://swift.gsfc.nasa.gov/results/batgrbcat//GRB050219B/web/GRB050219B.html#lc"", ""X-ray light curve"": ""https://www.swift.ac.uk/xrt_live_cat/00106442""}",118003.0
95372786,data\zooniverse\images\95372786.png,https://panoptes-uploads.zooniverse.org/subject_location/d756b538-6a13-4398-abac-836d40b5873d.png,GRB050223,,,,-1,"{""SIMBAD"": ""https://simbad.u-strasbg.fr/simbad/sim-id?Ident=GRB050223&NbIdent=1&Radius=2&Radius.unit=arcmin&submit=submit+id"", ""GRB Location"": ""RA:271.38496, DEC:-62.4723"", ""BAT light curve"": ""https://swift.gsfc.nasa.gov/results/batgrbcat//GRB050223/web/GRB050223.html#lc"", ""X-ray light curve"": ""https://www.swift.ac.uk/xrt_live_cat/00106709""}",118003.0
95372789,data\zooniverse\images\95372789.png,https://panoptes-uploads.zooniverse.org/subject_location/41ef5461-4069-4646-a421-4b650f044911.png,GRB050306,,,,-1,"{""SIMBAD"": ""https://simbad.u-strasbg.fr/simbad/sim-id?Ident=GRB050306&NbIdent=1&Radius=2&Radius.unit=arcmin&submit=submit+id"", ""GRB Location"": ""RA:N/A, DEC:N/A"", ""BAT light curve"": ""https://swift.gsfc.nasa.gov/results/batgrbcat//GRB050306/web/GRB050306.html#lc"", ""X-ray light curve"": ""https://www.swift.ac.uk/xrt_live_cat/00107547""}",118003.0
95372791,data\zooniverse\images\95372791.png,https://panoptes-uploads.zooniverse.org/subject_location/772ad398-c9ae-472c-977a-10da7b3ad0e9.png,GRB050315,,,,-1,"{""SIMBAD"": ""https://simbad.u-strasbg.fr/simbad/sim-id?Ident=GRB050315&NbIdent=1&Radius=2&Radius.unit=arcmin&submit=submit+id"", ""GRB Location"": ""RA:306.47569, DEC:-42.60053"", ""BAT light curve"": ""https://swift.gsfc.nasa.gov/results/batgrbcat//GRB050315/web/GRB050315.html#lc"", ""X-ray light curve"": ""https://www.swift.ac.uk/xrt_live_cat/00111063""}",118003.0
95372793,data\zooniverse\images\95372793.png,https://panoptes-uploads.zooniverse.org/subject_location/2c843ec6-70a0-4667-8401-2f86e04ace77.png,GRB050318,,,,-1,"{""SIMBAD"": ""https://simbad.u-strasbg.fr/simbad/sim-id?Ident=GRB050318&NbIdent=1&Radius=2&Radius.unit=arcmin&submit=submit+id"", ""GRB Location"": ""RA:49.71299, DEC:-46.39602"", ""BAT light curve"": ""https://swift.gsfc.nasa.gov/results/batgrbcat//GRB050318/web/GRB050318.html#lc"", ""X-ray light curve"": ""https://www.swift.ac.uk/xrt_live_cat/00111529""}",118003.0
95372795,data\zooniverse\images\95372795.png,https://panoptes-uploads.zooniverse.org/subject_location/bdbb3878-4f74-4287-b406-abfe2cbef9e8.png,GRB050319,,,,-1,"{""SIMBAD"": ""https://simbad.u-strasbg.fr/simbad/sim-id?Ident=GRB050319&NbIdent=1&Radius=2&Radius.unit=arcmin&submit=submit+id"", ""GRB Location"": ""RA:154.19965, DEC:43.54797"", ""BAT light curve"": ""https://swift.gsfc.nasa.gov/results/batgrbcat//GRB050319/web/GRB050319.html#lc"", ""X-ray light curve"": ""https://www.swift.ac.uk/xrt_live_cat/00111622""}",118003.0
95372796,data\zooniverse\images\95372796.png,https://panoptes-uploads.zooniverse.org/subject_location/6bad87c2-8613-4eaa-88e6-c2ae39473191.png,GRB050326,,,,-1,"{""SIMBAD"": ""https://simbad.u-strasbg.fr/simbad/sim-id?Ident=GRB050326&NbIdent=1&Radius=2&Radius.unit=arcmin&submit=submit+id"", ""GRB Location"": ""RA:6.94629, DEC:-71.37105"", ""BAT light curve"": ""https://swift.gsfc.nasa.gov/results/batgrbcat//GRB050326/web/GRB050326.html#lc"", ""X-ray light curve"": ""https://www.swift.ac.uk/xrt_live_cat/00112453""}",118003.0
95372797,data\zooniverse\images\95372797.png,https://panoptes-uploads.zooniverse.org/subject_location/ac15c3bf-7a24-4f17-a638-940621921193.png,GRB050401,,,,-1,"{""SIMBAD"": ""https://simbad.u-strasbg.fr/simbad/sim-id?Ident=GRB050401&NbIdent=1&Radius=2&Radius.unit=arcmin&submit=submit+id"", ""GRB Location"": ""RA:247.8700707794, DEC:2.1872850747"", ""BAT light curve"": ""https://swift.gsfc.nasa.gov/results/batgrbcat//GRB050401/web/GRB050401.html#lc"", ""X-ray light curve"": ""https://www.swift.ac.uk/xrt_live_cat/00113120""}",118003.0
95372798,data\zooniverse\images\95372798.png,https://panoptes-uploads.zooniverse.org/subject_location/4e9b8bcf-9eb7-4399-8919-0c0e1ed11aa0.png,GRB050406,,,,-1,"{""SIMBAD"": ""https://simbad.u-strasbg.fr/simbad/sim-id?Ident=GRB050406&NbIdent=1&Radius=2&Radius.unit=arcmin&submit=submit+id"", ""GRB Location"": ""RA:34.4673, DEC:-50.188"", ""BAT light curve"": ""https://swift.gsfc.nasa.gov/results/batgrbcat//GRB050406/web/GRB050406.html#lc"", ""X-ray light curve"": ""https://www.swift.ac.uk/xrt_live_cat/00113872""}",118003.0
95372799,data\zooniverse\images\95372799.png,https://panoptes-uploads.zooniverse.org/subject_location/ba7b6f61-7a63-4d19-bd44-6d6314ba03df.png,GRB050410,,,,-1,"{""SIMBAD"": ""https://simbad.u-strasbg.fr/simbad/sim-id?Ident=GRB050410&NbIdent=1&Radius=2&Radius.unit=arcmin&submit=submit+id"", ""GRB Location"": ""RA:89.80711, DEC:79.60361"", ""BAT light curve"": ""https://swift.gsfc.nasa.gov/results/batgrbcat//GRB050410/web/GRB050410.html#lc"", ""X-ray light curve"": ""https://www.swift.ac.uk/xrt_live_cat/00114299""}",118003.0
95372801,data\zooniverse\images\95372801.png,https://panoptes-uploads.zooniverse.org/subject_location/1724d881-84e1-4748-a632-6de5feb89a7a.png,GRB050412,,,,-1,"{""SIMBAD"": ""https://simbad.u-strasbg.fr/simbad/sim-id?Ident=GRB050412&NbIdent=1&Radius=2&Radius.unit=arcmin&submit=submit+id"", ""GRB Location"": ""RA:181.1052759535, DEC:-1.2001457008"", ""BAT light curve"": ""https://swift.gsfc.nasa.gov/results/batgrbcat//GRB050412/web/GRB050412.html#lc"", ""X-ray light curve"": ""https://www.swift.ac.uk/xrt_live_cat/00114485""}",118003.0
95372803,data\zooniverse\images\95372803.png,https://panoptes-uploads.zooniverse.org/subject_location/c66bd158-0abb-49da-a9a4-d22da890751c.png,GRB050416A,,,,-1,"{""SIMBAD"": ""https://simbad.u-strasbg.fr/simbad/sim-id?Ident=GRB050416A&NbIdent=1&Radius=2&Radius.unit=arcmin&submit=submit+id"", ""GRB Location"": ""RA:188.47763, DEC:21.05738"", ""BAT light curve"": ""https://swift.gsfc.nasa.gov/results/batgrbcat//GRB050416A/web/GRB050416A.html#lc"", ""X-ray light curve"": ""https://www.swift.ac.uk/xrt_live_cat/00114753""}",118003.0
95372805,data\zooniverse\images\95372805.png,https://panoptes-uploads.zooniverse.org/subject_location/3b1c404f-d5ff-4637-a339-f47079a14f24.png,GRB050416B,,,,-1,"{""SIMBAD"": ""https://simbad.u-strasbg.fr/simbad/sim-id?Ident=GRB050416B&NbIdent=1&Radius=2&Radius.unit=arcmin&submit=submit+id"", ""GRB Location"": ""RA:N/A, DEC:N/A"", ""BAT light curve"": ""https://swift.gsfc.nasa.gov/results/batgrbcat//GRB050416B/web/GRB050416B.html#lc"", ""X-ray light curve"": ""https://www.swift.ac.uk/xrt_live_cat/00114797""}",118003.0
95372807,data\zooniverse\images\95372807.png,https://panoptes-uploads.zooniverse.org/subject_location/194d9ac4-e080-4575-817b-386576157f2f.png,GRB050418,,,,-1,"{""SIMBAD"": ""https://simbad.u-strasbg.fr/simbad/sim-id?Ident=GRB050418&NbIdent=1&Radius=2&Radius.unit=arcmin&submit=submit+id"", ""GRB Location"": ""RA:N/A, DEC:N/A"", ""BAT light curve"": ""https://swift.gsfc.nasa.gov/results/batgrbcat//GRB050418/web/GRB050418.html#lc"", ""X-ray light curve"": ""https://www.swift.ac.uk/xrt_live_cat/00114893""}",118003.0
95372808,data\zooniverse\images\95372808.png,https://panoptes-uploads.zooniverse.org/subject_location/a62a36d1-bde4-46ce-a396-d82e55df4688.png,GRB050421,,,,-1,"{""SIMBAD"": ""https://simbad.u-strasbg.fr/simbad/sim-id?Ident=GRB050421&NbIdent=1&Radius=2&Radius.unit=arcmin&submit=submit+id"", ""GRB Location"": ""RA:307.26157, DEC:73.65497"", ""BAT light curve"": ""https://swift.gsfc.nasa.gov/results/batgrbcat//GRB050421/web/GRB050421.html#lc"", ""X-ray light curve"": ""https://www.swift.ac.uk/xrt_live_cat/00115135""}",118003.0
95372809,data\zooniverse\images\95372809.png,https://panoptes-uploads.zooniverse.org/subject_location/bf720f01-f632-4ac1-a21c-04e37d32caa2.png,GRB050422,,,,-1,"{""SIMBAD"": ""https://simbad.u-strasbg.fr/simbad/sim-id?Ident=GRB050422&NbIdent=1&Radius=2&Radius.unit=arcmin&submit=submit+id"", ""GRB Location"": ""RA:324.4779699536, DEC:55.7791386105"", ""BAT light curve"": ""https://swift.gsfc.nasa.gov/results/batgrbcat//GRB050422/web/GRB050422.html#lc"", ""X-ray light curve"": ""https://www.swift.ac.uk/xrt_live_cat/00115214""}",118003.0
95372810,data\zooniverse\images\95372810.png,https://panoptes-uploads.zooniverse.org/subject_location/558fbaee-697b-479a-8de0-ef918671bda6.png,GRB050502B,,,,-1,"{""SIMBAD"": ""https://simbad.u-strasbg.fr/simbad/sim-id?Ident=GRB050502B&NbIdent=1&Radius=2&Radius.unit=arcmin&submit=submit+id"", ""GRB Location"": ""RA:142.54222, DEC:16.99659"", ""BAT light curve"": ""https://swift.gsfc.nasa.gov/results/batgrbcat//GRB050502B/web/GRB050502B.html#lc"", ""X-ray light curve"": ""https://www.swift.ac.uk/xrt_live_cat/00116116""}",118003.0
95372811,data\zooniverse\images\95372811.png,https://panoptes-uploads.zooniverse.org/subject_location/c150ff6b-56ea-420f-a9d2-1f767b085497.png,GRB050505,,,,-1,"{""SIMBAD"": ""https://simbad.u-strasbg.fr/simbad/sim-id?Ident=GRB050505&NbIdent=1&Radius=2&Radius.unit=arcmin&submit=submit+id"", ""GRB Location"": ""RA:141.76394, DEC:30.27343"", ""BAT light curve"": ""https://swift.gsfc.nasa.gov/results/batgrbcat//GRB050505/web/GRB050505.html#lc"", ""X-ray light curve"": ""https://www.swift.ac.uk/xrt_live_cat/00117504""}",118003.0
95372813,data\zooniverse\images\95372813.png,https://panoptes-uploads.zooniverse.org/subject_location/e8c615dd-edd7-4342-bca8-67386ffb16d0.png,GRB050507,,,,-1,"{""SIMBAD"": ""https://simbad.u-strasbg.fr/simbad/sim-id?Ident=GRB050507&NbIdent=1&Radius=2&Radius.unit=arcmin&submit=submit+id"", ""GRB Location"": ""RA:N/A, DEC:N/A"", ""BAT light curve"": ""https://swift.gsfc.nasa.gov/results/batgrbcat//GRB050507/web/GRB050507.html#lc"", ""X-ray light curve"": ""https://www.swift.ac.uk/xrt_live_cat/00118248""}",118003.0
95372815,data\zooniverse\images\95372815.png,https://panoptes-uploads.zooniverse.org/subject_location/18ef9455-ff00-4d86-9ecf-421b2dc6b5c0.png,GRB050509A,,,,-1,"{""SIMBAD"": ""https://simbad.u-strasbg.fr/simbad/sim-id?Ident=GRB050509A&NbIdent=1&Radius=2&Radius.unit=arcmin&submit=submit+id"", ""GRB Location"": ""RA:310.58344, DEC:54.07126"", ""BAT light curve"": ""https://swift.gsfc.nasa.gov/results/batgrbcat//GRB050509A/web/GRB050509A.html#lc"", ""X-ray light curve"": ""https://www.swift.ac.uk/xrt_live_cat/00118707""}",118003.0
95372816,data\zooniverse\images\95372816.png,https://panoptes-uploads.zooniverse.org/subject_location/ad319184-a718-492b-8803-bc8d738333a9.png,GRB050509B,,,,-1,"{""SIMBAD"": ""https://simbad.u-strasbg.fr/simbad/sim-id?Ident=GRB050509B&NbIdent=1&Radius=2&Radius.unit=arcmin&submit=submit+id"", ""GRB Location"": ""RA:189.05739, DEC:28.98426"", ""BAT light curve"": ""https://swift.gsfc.nasa.gov/results/batgrbcat//GRB050509B/web/GRB050509B.html#lc"", ""X-ray light curve"": ""https://www.swift.ac.uk/xrt_live_cat/00118749""}",118003.0
95372819,data\zooniverse\images\95372819.png,https://panoptes-uploads.zooniverse.org/subject_location/cb5dc489-b217-4b66-a4d2-0b35355fe8c6.png,GRB050525A,,,,-1,"{""SIMBAD"": ""https://simbad.u-strasbg.fr/simbad/sim-id?Ident=GRB050525A&NbIdent=1&Radius=2&Radius.unit=arcmin&submit=submit+id"", ""GRB Location"": ""RA:278.13599, DEC:26.33934"", ""BAT light curve"": ""https://swift.gsfc.nasa.gov/results/batgrbcat//GRB050525A/web/GRB050525A.html#lc"", ""X-ray light curve"": ""https://www.swift.ac.uk/xrt_live_cat/00130088""}",118003.0
95372821,data\zooniverse\images\95372821.png,https://panoptes-uploads.zooniverse.org/subject_location/f9e84f56-d47e-4a32-833b-cdb660b78b39.png,GRB050528,,,,-1,"{""SIMBAD"": ""https://simbad.u-strasbg.fr/simbad/sim-id?Ident=GRB050528&NbIdent=1&Radius=2&Radius.unit=arcmin&submit=submit+id"", ""GRB Location"": ""RA:N/A, DEC:N/A"", ""BAT light curve"": ""https://swift.gsfc.nasa.gov/results/batgrbcat//GRB050528/web/GRB050528.html#lc"", ""X-ray light curve"": ""https://www.swift.ac.uk/xrt_live_cat/00130679""}",118003.0
95372822,data\zooniverse\images\95372822.png,https://panoptes-uploads.zooniverse.org/subject_location/4e704ef6-65fa-4927-b5b4-deb993376c2b.png,GRB050603,,,,-1,"{""SIMBAD"": ""https://simbad.u-strasbg.fr/simbad/sim-id?Ident=GRB050603&NbIdent=1&Radius=2&Radius.unit=arcmin&submit=submit+id"", ""GRB Location"": ""RA:39.98711, DEC:-25.18188"", ""BAT light curve"": ""https://swift.gsfc.nasa.gov/results/batgrbcat//GRB050603/web/GRB050603.html#lc"", ""X-ray light curve"": ""https://www.swift.ac.uk/xrt_live_cat/00131560""}",118003.0
95372823,data\zooniverse\images\95372823.png,https://panoptes-uploads.zooniverse.org/subject_location/5bc58393-e563-46e0-8df0-242b0122fe5b.png,GRB050607,,,,-1,"{""SIMBAD"": ""https://simbad.u-strasbg.fr/simbad/sim-id?Ident=GRB050607&NbIdent=1&Radius=2&Radius.unit=arcmin&submit=submit+id"", ""GRB Location"": ""RA:300.1783035648, DEC:9.1419236902"", ""BAT light curve"": ""https://swift.gsfc.nasa.gov/results/batgrbcat//GRB050607/web/GRB050607.html#lc"", ""X-ray light curve"": ""https://www.swift.ac.uk/xrt_live_cat/00132247""}",118003.0
95372824,data\zooniverse\images\95372824.png,https://panoptes-uploads.zooniverse.org/subject_location/54abab1c-2680-4b9a-92b7-a7decbdf978f.png,GRB050701,,,,-1,"{""SIMBAD"": ""https://simbad.u-strasbg.fr/simbad/sim-id?Ident=GRB050701&NbIdent=1&Radius=2&Radius.unit=arcmin&submit=submit+id"", ""GRB Location"": ""RA:227.25549, DEC:-59.4144"", ""BAT light curve"": ""https://swift.gsfc.nasa.gov/results/batgrbcat//GRB050701/web/GRB050701.html#lc"", ""X-ray light curve"": ""https://www.swift.ac.uk/xrt_live_cat/00143708""}",118003.0
95372825,data\zooniverse\images\95372825.png,https://panoptes-uploads.zooniverse.org/subject_location/cca3587d-1b53-432b-8d67-0e40768a2f91.png,GRB050712,,,,-1,"{""SIMBAD"": ""https://simbad.u-strasbg.fr/simbad/sim-id?Ident=GRB050712&NbIdent=1&Radius=2&Radius.unit=arcmin&submit=submit+id"", ""GRB Location"": ""RA:77.70025, DEC:64.91347"", ""BAT light curve"": ""https://swift.gsfc.nasa.gov/results/batgrbcat//GRB050712/web/GRB050712.html#lc"", ""X-ray light curve"": ""https://www.swift.ac.uk/xrt_live_cat/00145581""}",118003.0
95372826,data\zooniverse\images\95372826.png,https://panoptes-uploads.zooniverse.org/subject_location/8f4b408f-bd14-45d7-8fb1-e4efb44e0157.png,GRB050713A,,,,-1,"{""SIMBAD"": ""https://simbad.u-strasbg.fr/simbad/sim-id?Ident=GRB050713A&NbIdent=1&Radius=2&Radius.unit=arcmin&submit=submit+id"", ""GRB Location"": ""RA:320.53843, DEC:77.07467"", ""BAT light curve"": ""https://swift.gsfc.nasa.gov/results/batgrbcat//GRB050713A/web/GRB050713A.html#lc"", ""X-ray light curve"": ""https://www.swift.ac.uk/xrt_live_cat/00145675""}",118003.0
95372828,data\zooniverse\images\95372828.png,https://panoptes-uploads.zooniverse.org/subject_location/1ebbee82-806b-4a91-bd04-051e0c0a7cd9.png,GRB050713B,,,,-1,"{""SIMBAD"": ""https://simbad.u-strasbg.fr/simbad/sim-id?Ident=GRB050713B&NbIdent=1&Radius=2&Radius.unit=arcmin&submit=submit+id"", ""GRB Location"": ""RA:307.81489, DEC:60.94526"", ""BAT light curve"": ""https://swift.gsfc.nasa.gov/results/batgrbcat//GRB050713B/web/GRB050713B.html#lc"", ""X-ray light curve"": ""https://www.swift.ac.uk/xrt_live_cat/00145754""}",118003.0
95372829,data\zooniverse\images\95372829.png,https://panoptes-uploads.zooniverse.org/subject_location/21431f20-010d-4633-b6f4-77f88b82d114.png,GRB050714B,,,,-1,"{""SIMBAD"": ""https://simbad.u-strasbg.fr/simbad/sim-id?Ident=GRB050714B&NbIdent=1&Radius=2&Radius.unit=arcmin&submit=submit+id"", ""GRB Location"": ""RA:169.69853, DEC:-15.54724"", ""BAT light curve"": ""https://swift.gsfc.nasa.gov/results/batgrbcat//GRB050714B/web/GRB050714B.html#lc"", ""X-ray light curve"": ""https://www.swift.ac.uk/xrt_live_cat/00145994""}",118003.0
95372832,data\zooniverse\images\95372832.png,https://panoptes-uploads.zooniverse.org/subject_location/d5b9b911-a79c-4a02-b43e-e08c63aaff72.png,GRB050715,,,,-1,"{""SIMBAD"": ""https://simbad.u-strasbg.fr/simbad/sim-id?Ident=GRB050715&NbIdent=1&Radius=2&Radius.unit=arcmin&submit=submit+id"", ""GRB Location"": ""RA:N/A, DEC:N/A"", ""BAT light curve"": ""https://swift.gsfc.nasa.gov/results/batgrbcat//GRB050715/web/GRB050715.html#lc"", ""X-ray light curve"": ""https://www.swift.ac.uk/xrt_live_cat/00146129""}",118003.0
95372834,data\zooniverse\images\95372834.png,https://panoptes-uploads.zooniverse.org/subject_location/faf848c4-6a1c-4e29-9e8e-ad0c71e46de3.png,GRB050716,,,,-1,"{""SIMBAD"": ""https://simbad.u-strasbg.fr/simbad/sim-id?Ident=GRB050716&NbIdent=1&Radius=2&Radius.unit=arcmin&submit=submit+id"", ""GRB Location"": ""RA:338.58661, DEC:38.68428"", ""BAT light curve"": ""https://swift.gsfc.nasa.gov/results/batgrbcat//GRB050716/web/GRB050716.html#lc"", ""X-ray light curve"": ""https://www.swift.ac.uk/xrt_live_cat/00146227""}",118003.0
95372836,data\zooniverse\images\95372836.png,https://panoptes-uploads.zooniverse.org/subject_location/4a3198bc-a689-4879-aec9-578e3d890a77.png,GRB050717,,,,-1,"{""SIMBAD"": ""https://simbad.u-strasbg.fr/simbad/sim-id?Ident=GRB050717&NbIdent=1&Radius=2&Radius.unit=arcmin&submit=submit+id"", ""GRB Location"": ""RA:214.3523712634, DEC:-50.5334236966"", ""BAT light curve"": ""https://swift.gsfc.nasa.gov/results/batgrbcat//GRB050717/web/GRB050717.html#lc"", ""X-ray light curve"": ""https://www.swift.ac.uk/xrt_live_cat/00146372""}",118003.0
95372837,data\zooniverse\images\95372837.png,https://panoptes-uploads.zooniverse.org/subject_location/779a87f4-af7f-43c1-8214-2d9e02f4eb4c.png,GRB050721,,,,-1,"{""SIMBAD"": ""https://simbad.u-strasbg.fr/simbad/sim-id?Ident=GRB050721&NbIdent=1&Radius=2&Radius.unit=arcmin&submit=submit+id"", ""GRB Location"": ""RA:253.43562, DEC:-28.38123"", ""BAT light curve"": ""https://swift.gsfc.nasa.gov/results/batgrbcat//GRB050721/web/GRB050721.html#lc"", ""X-ray light curve"": ""https://www.swift.ac.uk/xrt_live_cat/00146970""}",118003.0
95372838,data\zooniverse\images\95372838.png,https://panoptes-uploads.zooniverse.org/subject_location/d699f63e-0626-4968-a898-9cc22635b906.png,GRB050724,,,,-1,"{""SIMBAD"": ""https://simbad.u-strasbg.fr/simbad/sim-id?Ident=GRB050724&NbIdent=1&Radius=2&Radius.unit=arcmin&submit=submit+id"", ""GRB Location"": ""RA:246.18466, DEC:-27.54078"", ""BAT light curve"": ""https://swift.gsfc.nasa.gov/results/batgrbcat//GRB050724/web/GRB050724.html#lc"", ""X-ray light curve"": ""https://www.swift.ac.uk/xrt_live_cat/00147478""}",118003.0
95372839,data\zooniverse\images\95372839.png,https://panoptes-uploads.zooniverse.org/subject_location/91869c2c-86ba-473f-8741-5b181cc10245.png,GRB050726,,,,-1,"{""SIMBAD"": ""https://simbad.u-strasbg.fr/simbad/sim-id?Ident=GRB050726&NbIdent=1&Radius=2&Radius.unit=arcmin&submit=submit+id"", ""GRB Location"": ""RA:200.04979, DEC:-32.06424"", ""BAT light curve"": ""https://swift.gsfc.nasa.gov/results/batgrbcat//GRB050726/web/GRB050726.html#lc"", ""X-ray light curve"": ""https://www.swift.ac.uk/xrt_live_cat/00147788""}",118003.0
95372841,data\zooniverse\images\95372841.png,https://panoptes-uploads.zooniverse.org/subject_location/9856609d-e3f9-45d9-a2c1-904012d6ca67.png,GRB050730,,,,-1,"{""SIMBAD"": ""https://simbad.u-strasbg.fr/simbad/sim-id?Ident=GRB050730&NbIdent=1&Radius=2&Radius.unit=arcmin&submit=submit+id"", ""GRB Location"": ""RA:212.07152, DEC:-3.77186"", ""BAT light curve"": ""https://swift.gsfc.nasa.gov/results/batgrbcat//GRB050730/web/GRB050730.html#lc"", ""X-ray light curve"": ""https://www.swift.ac.uk/xrt_live_cat/00148225""}",118003.0
95372842,data\zooniverse\images\95372842.png,https://panoptes-uploads.zooniverse.org/subject_location/1912170f-eae4-4f47-948b-3d51a582ccb0.png,GRB050801,,,,-1,"{""SIMBAD"": ""https://simbad.u-strasbg.fr/simbad/sim-id?Ident=GRB050801&NbIdent=1&Radius=2&Radius.unit=arcmin&submit=submit+id"", ""GRB Location"": ""RA:204.14718, DEC:-21.92853"", ""BAT light curve"": ""https://swift.gsfc.nasa.gov/results/batgrbcat//GRB050801/web/GRB050801.html#lc"", ""X-ray light curve"": ""https://www.swift.ac.uk/xrt_live_cat/00148522""}",118003.0
95372843,data\zooniverse\images\95372843.png,https://panoptes-uploads.zooniverse.org/subject_location/6c462fff-002a-4602-a1c9-55b17b0d98ec.png,GRB050802,,,,-1,"{""SIMBAD"": ""https://simbad.u-strasbg.fr/simbad/sim-id?Ident=GRB050802&NbIdent=1&Radius=2&Radius.unit=arcmin&submit=submit+id"", ""GRB Location"": ""RA:219.27443, DEC:27.78657"", ""BAT light curve"": ""https://swift.gsfc.nasa.gov/results/batgrbcat//GRB050802/web/GRB050802.html#lc"", ""X-ray light curve"": ""https://www.swift.ac.uk/xrt_live_cat/00148646""}",118003.0
95372846,data\zooniverse\images\95372846.png,https://panoptes-uploads.zooniverse.org/subject_location/18320959-cad7-43aa-a1af-317cbdbb0e85.png,GRB050803,,,,-1,"{""SIMBAD"": ""https://simbad.u-strasbg.fr/simbad/sim-id?Ident=GRB050803&NbIdent=1&Radius=2&Radius.unit=arcmin&submit=submit+id"", ""GRB Location"": ""RA:350.65767, DEC:5.78568"", ""BAT light curve"": ""https://swift.gsfc.nasa.gov/results/batgrbcat//GRB050803/web/GRB050803.html#lc"", ""X-ray light curve"": ""https://www.swift.ac.uk/xrt_live_cat/00148833""}",118003.0
95372847,data\zooniverse\images\95372847.png,https://panoptes-uploads.zooniverse.org/subject_location/99ee09fb-470a-4d34-b593-411890e4a976.png,GRB050813,,,,-1,"{""SIMBAD"": ""https://simbad.u-strasbg.fr/simbad/sim-id?Ident=GRB050813&NbIdent=1&Radius=2&Radius.unit=arcmin&submit=submit+id"", ""GRB Location"": ""RA:241.98708, DEC:11.24919"", ""BAT light curve"": ""https://swift.gsfc.nasa.gov/results/batgrbcat//GRB050813/web/GRB050813.html#lc"", ""X-ray light curve"": ""https://www.swift.ac.uk/xrt_live_cat/00150139""}",118003.0
95372849,data\zooniverse\images\95372849.png,https://panoptes-uploads.zooniverse.org/subject_location/4766d12d-4b18-4bff-941e-f7f38b416b4f.png,GRB050814,,,,-1,"{""SIMBAD"": ""https://simbad.u-strasbg.fr/simbad/sim-id?Ident=GRB050814&NbIdent=1&Radius=2&Radius.unit=arcmin&submit=submit+id"", ""GRB Location"": ""RA:264.18903, DEC:46.3394"", ""BAT light curve"": ""https://swift.gsfc.nasa.gov/results/batgrbcat//GRB050814/web/GRB050814.html#lc"", ""X-ray light curve"": ""https://www.swift.ac.uk/xrt_live_cat/00150314""}",118003.0
95372850,data\zooniverse\images\95372850.png,https://panoptes-uploads.zooniverse.org/subject_location/78f0638a-411c-432c-95df-db2891f98047.png,GRB050815,,,,-1,"{""SIMBAD"": ""https://simbad.u-strasbg.fr/simbad/sim-id?Ident=GRB050815&NbIdent=1&Radius=2&Radius.unit=arcmin&submit=submit+id"", ""GRB Location"": ""RA:293.59575, DEC:9.14674"", ""BAT light curve"": ""https://swift.gsfc.nasa.gov/results/batgrbcat//GRB050815/web/GRB050815.html#lc"", ""X-ray light curve"": ""https://www.swift.ac.uk/xrt_live_cat/00150532""}",118003.0
95372851,data\zooniverse\images\95372851.png,https://panoptes-uploads.zooniverse.org/subject_location/a0349c9a-5a62-44ea-8436-fe558487907f.png,GRB050819,,,,-1,"{""SIMBAD"": ""https://simbad.u-strasbg.fr/simbad/sim-id?Ident=GRB050819&NbIdent=1&Radius=2&Radius.unit=arcmin&submit=submit+id"", ""GRB Location"": ""RA:358.7567, DEC:24.86083"", ""BAT light curve"": ""https://swift.gsfc.nasa.gov/results/batgrbcat//GRB050819/web/GRB050819.html#lc"", ""X-ray light curve"": ""https://www.swift.ac.uk/xrt_live_cat/00151131""}",118003.0
95372852,data\zooniverse\images\95372852.png,https://panoptes-uploads.zooniverse.org/subject_location/90c406c4-2437-4f69-afe6-4b236ffcacd4.png,GRB050820A,,,,-1,"{""SIMBAD"": ""https://simbad.u-strasbg.fr/simbad/sim-id?Ident=GRB050820A&NbIdent=1&Radius=2&Radius.unit=arcmin&submit=submit+id"", ""GRB Location"": ""RA:337.40889, DEC:19.56022"", ""BAT light curve"": ""https://swift.gsfc.nasa.gov/results/batgrbcat//GRB050820A/web/GRB050820A.html#lc"", ""X-ray light curve"": ""https://www.swift.ac.uk/xrt_live_cat/00151207""}",118003.0
95372855,data\zooniverse\images\95372855.png,https://panoptes-uploads.zooniverse.org/subject_location/d2d7a8c6-7e63-498d-8da6-281387d9187e.png,GRB050820B,,,,-1,"{""SIMBAD"": ""https://simbad.u-strasbg.fr/simbad/sim-id?Ident=GRB050820B&NbIdent=1&Radius=2&Radius.unit=arcmin&submit=submit+id"", ""GRB Location"": ""RA:135.6056527338, DEC:-72.6455020503"", ""BAT light curve"": ""https://swift.gsfc.nasa.gov/results/batgrbcat//GRB050820B/web/GRB050820B.html#lc"", ""X-ray light curve"": ""https://www.swift.ac.uk/xrt_live_cat/00151334""}",118003.0
95372856,data\zooniverse\images\95372856.png,https://panoptes-uploads.zooniverse.org/subject_location/91bc52a4-dafe-49cb-b8f1-c8e9b0e77673.png,GRB050822,,,,-1,"{""SIMBAD"": ""https://simbad.u-strasbg.fr/simbad/sim-id?Ident=GRB050822&NbIdent=1&Radius=2&Radius.unit=arcmin&submit=submit+id"", ""GRB Location"": ""RA:51.11324, DEC:-46.03322"", ""BAT light curve"": ""https://swift.gsfc.nasa.gov/results/batgrbcat//GRB050822/web/GRB050822.html#lc"", ""X-ray light curve"": ""https://www.swift.ac.uk/xrt_live_cat/00151486""}",118003.0
95372857,data\zooniverse\images\95372857.png,https://panoptes-uploads.zooniverse.org/subject_location/252a1f3a-9489-4171-90bb-59a20b64cd03.png,GRB050824,,,,-1,"{""SIMBAD"": ""https://simbad.u-strasbg.fr/simbad/sim-id?Ident=GRB050824&NbIdent=1&Radius=2&Radius.unit=arcmin&submit=submit+id"", ""GRB Location"": ""RA:12.23415, DEC:22.60911"", ""BAT light curve"": ""https://swift.gsfc.nasa.gov/results/batgrbcat//GRB050824/web/GRB050824.html#lc"", ""X-ray light curve"": ""https://www.swift.ac.uk/xrt_live_cat/00151905""}",118003.0
95372859,data\zooniverse\images\95372859.png,https://panoptes-uploads.zooniverse.org/subject_location/43240722-cd48-40e2-99ee-92b07171f8e0.png,GRB050826,,,,-1,"{""SIMBAD"": ""https://simbad.u-strasbg.fr/simbad/sim-id?Ident=GRB050826&NbIdent=1&Radius=2&Radius.unit=arcmin&submit=submit+id"", ""GRB Location"": ""RA:87.75652, DEC:-2.64347"", ""BAT light curve"": ""https://swift.gsfc.nasa.gov/results/batgrbcat//GRB050826/web/GRB050826.html#lc"", ""X-ray light curve"": ""https://www.swift.ac.uk/xrt_live_cat/00152113""}",118003.0
95372861,data\zooniverse\images\95372861.png,https://panoptes-uploads.zooniverse.org/subject_location/4970a7a1-44b5-4085-9aab-cd982da7b004.png,GRB050827,,,,-1,"{""SIMBAD"": ""https://simbad.u-strasbg.fr/simbad/sim-id?Ident=GRB050827&NbIdent=1&Radius=2&Radius.unit=arcmin&submit=submit+id"", ""GRB Location"": ""RA:64.28993, DEC:18.20034"", ""BAT light curve"": ""https://swift.gsfc.nasa.gov/results/batgrbcat//GRB050827/web/GRB050827.html#lc"", ""X-ray light curve"": ""https://www.swift.ac.uk/xrt_live_cat/00152325""}",118003.0
95372863,data\zooniverse\images\95372863.png,https://panoptes-uploads.zooniverse.org/subject_location/7ee88f2f-adee-409d-8efb-b5f66fcf08ba.png,GRB050904,,,,-1,"{""SIMBAD"": ""https://simbad.u-strasbg.fr/simbad/sim-id?Ident=GRB050904&NbIdent=1&Radius=2&Radius.unit=arcmin&submit=submit+id"", ""GRB Location"": ""RA:13.7118475606, DEC:14.08592682"", ""BAT light curve"": ""https://swift.gsfc.nasa.gov/results/batgrbcat//GRB050904/web/GRB050904.html#lc"", ""X-ray light curve"": ""https://www.swift.ac.uk/xrt_live_cat/00153514""}",118003.0
95372864,data\zooniverse\images\95372864.png,https://panoptes-uploads.zooniverse.org/subject_location/1c832585-3fd4-411c-9451-4fc51f3d6fe8.png,GRB050908,,,,-1,"{""SIMBAD"": ""https://simbad.u-strasbg.fr/simbad/sim-id?Ident=GRB050908&NbIdent=1&Radius=2&Radius.unit=arcmin&submit=submit+id"", ""GRB Location"": ""RA:20.46127, DEC:-12.95508"", ""BAT light curve"": ""https://swift.gsfc.nasa.gov/results/batgrbcat//GRB050908/web/GRB050908.html#lc"", ""X-ray light curve"": ""https://www.swift.ac.uk/xrt_live_cat/00154112""}",118003.0
95372865,data\zooniverse\images\95372865.png,https://panoptes-uploads.zooniverse.org/subject_location/d61e62b5-59a2-434e-abd3-a685d5ea3004.png,GRB050911,,,,-1,"{""SIMBAD"": ""https://simbad.u-strasbg.fr/simbad/sim-id?Ident=GRB050911&NbIdent=1&Radius=2&Radius.unit=arcmin&submit=submit+id"", ""GRB Location"": ""RA:N/A, DEC:N/A"", ""BAT light curve"": ""https://swift.gsfc.nasa.gov/results/batgrbcat//GRB050911/web/GRB050911.html#lc"", ""X-ray light curve"": ""https://www.swift.ac.uk/xrt_live_cat/00154630""}",118003.0
95372866,data\zooniverse\images\95372866.png,https://panoptes-uploads.zooniverse.org/subject_location/90d09497-807a-4292-b63e-7e60214f5756.png,GRB050915A,,,,-1,"{""SIMBAD"": ""https://simbad.u-strasbg.fr/simbad/sim-id?Ident=GRB050915A&NbIdent=1&Radius=2&Radius.unit=arcmin&submit=submit+id"", ""GRB Location"": ""RA:81.68677, DEC:-28.0165"", ""BAT light curve"": ""https://swift.gsfc.nasa.gov/results/batgrbcat//GRB050915A/web/GRB050915A.html#lc"", ""X-ray light curve"": ""https://www.swift.ac.uk/xrt_live_cat/00155242""}",118003.0
95372868,data\zooniverse\images\95372868.png,https://panoptes-uploads.zooniverse.org/subject_location/f8205df1-e76f-431e-8c7d-8fee9401f075.png,GRB050915B,,,,-1,"{""SIMBAD"": ""https://simbad.u-strasbg.fr/simbad/sim-id?Ident=GRB050915B&NbIdent=1&Radius=2&Radius.unit=arcmin&submit=submit+id"", ""GRB Location"": ""RA:219.10836, DEC:-67.40937"", ""BAT light curve"": ""https://swift.gsfc.nasa.gov/results/batgrbcat//GRB050915B/web/GRB050915B.html#lc"", ""X-ray light curve"": ""https://www.swift.ac.uk/xrt_live_cat/00155284""}",118003.0
95372869,data\zooniverse\images\95372869.png,https://panoptes-uploads.zooniverse.org/subject_location/d340acdd-cf2d-4f46-bbc8-061457649a97.png,GRB050916,,,,-1,"{""SIMBAD"": ""https://simbad.u-strasbg.fr/simbad/sim-id?Ident=GRB050916&NbIdent=1&Radius=2&Radius.unit=arcmin&submit=submit+id"", ""GRB Location"": ""RA:135.98825, DEC:-51.4287"", ""BAT light curve"": ""https://swift.gsfc.nasa.gov/results/batgrbcat//GRB050916/web/GRB050916.html#lc"", ""X-ray light curve"": ""https://www.swift.ac.uk/xrt_live_cat/00155408""}",118003.0
95372870,data\zooniverse\images\95372870.png,https://panoptes-uploads.zooniverse.org/subject_location/98c6f279-70e9-4b1d-8e9f-06850ee57a71.png,GRB050922B,,,,-1,"{""SIMBAD"": ""https://simbad.u-strasbg.fr/simbad/sim-id?Ident=GRB050922B&NbIdent=1&Radius=2&Radius.unit=arcmin&submit=submit+id"", ""GRB Location"": ""RA:5.80569, DEC:-5.6048"", ""BAT light curve"": ""https://swift.gsfc.nasa.gov/results/batgrbcat//GRB050922B/web/GRB050922B.html#lc"", ""X-ray light curve"": ""https://www.swift.ac.uk/xrt_live_cat/00156434""}",118003.0
95372872,data\zooniverse\images\95372872.png,https://panoptes-uploads.zooniverse.org/subject_location/d57efd5f-6441-41d2-9d2f-aeb85e96ed3c.png,GRB050922C,,,,-1,"{""SIMBAD"": ""https://simbad.u-strasbg.fr/simbad/sim-id?Ident=GRB050922C&NbIdent=1&Radius=2&Radius.unit=arcmin&submit=submit+id"", ""GRB Location"": ""RA:317.38777, DEC:-8.75842"", ""BAT light curve"": ""https://swift.gsfc.nasa.gov/results/batgrbcat//GRB050922C/web/GRB050922C.html#lc"", ""X-ray light curve"": ""https://www.swift.ac.uk/xrt_live_cat/00156467""}",118003.0
95372875,data\zooniverse\images\95372875.png,https://panoptes-uploads.zooniverse.org/subject_location/ec02b6bf-5780-4f9c-99a7-979d665b397f.png,GRB050925,,,,-1,"{""SIMBAD"": ""https://simbad.u-strasbg.fr/simbad/sim-id?Ident=GRB050925&NbIdent=1&Radius=2&Radius.unit=arcmin&submit=submit+id"", ""GRB Location"": ""RA:N/A, DEC:N/A"", ""BAT light curve"": ""https://swift.gsfc.nasa.gov/results/batgrbcat//GRB050925/web/GRB050925.html#lc"", ""X-ray light curve"": ""https://www.swift.ac.uk/xrt_live_cat/00156838""}",118003.0
95372876,data\zooniverse\images\95372876.png,https://panoptes-uploads.zooniverse.org/subject_location/566a8a7b-af83-4c7e-8fbd-91d81b837385.png,GRB051001,,,,-1,"{""SIMBAD"": ""https://simbad.u-strasbg.fr/simbad/sim-id?Ident=GRB051001&NbIdent=1&Radius=2&Radius.unit=arcmin&submit=submit+id"", ""GRB Location"": ""RA:350.95306, DEC:-31.52299"", ""BAT light curve"": ""https://swift.gsfc.nasa.gov/results/batgrbcat//GRB051001/web/GRB051001.html#lc"", ""X-ray light curve"": ""https://www.swift.ac.uk/xrt_live_cat/00157870""}",118003.0
95372877,data\zooniverse\images\95372877.png,https://panoptes-uploads.zooniverse.org/subject_location/0765f26f-36ad-4527-9268-10fc1f69a2a0.png,GRB051006,,,,-1,"{""SIMBAD"": ""https://simbad.u-strasbg.fr/simbad/sim-id?Ident=GRB051006&NbIdent=1&Radius=2&Radius.unit=arcmin&submit=submit+id"", ""GRB Location"": ""RA:110.80874, DEC:9.50541"", ""BAT light curve"": ""https://swift.gsfc.nasa.gov/results/batgrbcat//GRB051006/web/GRB051006.html#lc"", ""X-ray light curve"": ""https://www.swift.ac.uk/xrt_live_cat/00158593""}",118003.0
95372878,data\zooniverse\images\95372878.png,https://panoptes-uploads.zooniverse.org/subject_location/cda92c83-05ca-4690-9f60-e074b4ecc50b.png,GRB051008,,,,-1,"{""SIMBAD"": ""https://simbad.u-strasbg.fr/simbad/sim-id?Ident=GRB051008&NbIdent=1&Radius=2&Radius.unit=arcmin&submit=submit+id"", ""GRB Location"": ""RA:202.87322, DEC:42.09822"", ""BAT light curve"": ""https://swift.gsfc.nasa.gov/results/batgrbcat//GRB051008/web/GRB051008.html#lc"", ""X-ray light curve"": ""https://www.swift.ac.uk/xrt_live_cat/00158855""}",118003.0
95372880,data\zooniverse\images\95372880.png,https://panoptes-uploads.zooniverse.org/subject_location/bab821fc-f53e-41f4-93c0-c6e5fa463b8c.png,GRB051016A,,,,-1,"{""SIMBAD"": ""https://simbad.u-strasbg.fr/simbad/sim-id?Ident=GRB051016A&NbIdent=1&Radius=2&Radius.unit=arcmin&submit=submit+id"", ""GRB Location"": ""RA:122.81929, DEC:-18.29797"", ""BAT light curve"": ""https://swift.gsfc.nasa.gov/results/batgrbcat//GRB051016A/web/GRB051016A.html#lc"", ""X-ray light curve"": ""https://www.swift.ac.uk/xrt_live_cat/00159913""}",118003.0
95372881,data\zooniverse\images\95372881.png,https://panoptes-uploads.zooniverse.org/subject_location/521e0a69-4b34-4e11-919a-5f42da61730a.png,GRB051016B,,,,-1,"{""SIMBAD"": ""https://simbad.u-strasbg.fr/simbad/sim-id?Ident=GRB051016B&NbIdent=1&Radius=2&Radius.unit=arcmin&submit=submit+id"", ""GRB Location"": ""RA:132.11597, DEC:13.65564"", ""BAT light curve"": ""https://swift.gsfc.nasa.gov/results/batgrbcat//GRB051016B/web/GRB051016B.html#lc"", ""X-ray light curve"": ""https://www.swift.ac.uk/xrt_live_cat/00159994""}",118003.0
95372882,data\zooniverse\images\95372882.png,https://panoptes-uploads.zooniverse.org/subject_location/b725e739-c129-4514-9802-340c4ce92ac0.png,GRB051021B,,,,-1,"{""SIMBAD"": ""https://simbad.u-strasbg.fr/simbad/sim-id?Ident=GRB051021B&NbIdent=1&Radius=2&Radius.unit=arcmin&submit=submit+id"", ""GRB Location"": ""RA:126.05102, DEC:-45.54123"", ""BAT light curve"": ""https://swift.gsfc.nasa.gov/results/batgrbcat//GRB051021B/web/GRB051021B.html#lc"", ""X-ray light curve"": ""https://www.swift.ac.uk/xrt_live_cat/00160672""}",118003.0
95372884,data\zooniverse\images\95372884.png,https://panoptes-uploads.zooniverse.org/subject_location/a70c8905-1c9b-46c1-ada9-23b074716d12.png,GRB051105A,,,,-1,"{""SIMBAD"": ""https://simbad.u-strasbg.fr/simbad/sim-id?Ident=GRB051105A&NbIdent=1&Radius=2&Radius.unit=arcmin&submit=submit+id"", ""GRB Location"": ""RA:N/A, DEC:N/A"", ""BAT light curve"": ""https://swift.gsfc.nasa.gov/results/batgrbcat//GRB051105A/web/GRB051105A.html#lc"", ""X-ray light curve"": ""https://www.swift.ac.uk/xrt_live_cat/00162580""}",118003.0
95372885,data\zooniverse\images\95372885.png,https://panoptes-uploads.zooniverse.org/subject_location/5744643d-1bc6-4861-9590-50d84fd24234.png,GRB051109A,,,,-1,"{""SIMBAD"": ""https://simbad.u-strasbg.fr/simbad/sim-id?Ident=GRB051109A&NbIdent=1&Radius=2&Radius.unit=arcmin&submit=submit+id"", ""GRB Location"": ""RA:330.31384, DEC:40.82303"", ""BAT light curve"": ""https://swift.gsfc.nasa.gov/results/batgrbcat//GRB051109A/web/GRB051109A.html#lc"", ""X-ray light curve"": ""https://www.swift.ac.uk/xrt_live_cat/00163136""}",118003.0
95372887,data\zooniverse\images\95372887.png,https://panoptes-uploads.zooniverse.org/subject_location/4cfac162-25c2-4a9d-ad6a-94955c5566a5.png,GRB051109B,,,,-1,"{""SIMBAD"": ""https://simbad.u-strasbg.fr/simbad/sim-id?Ident=GRB051109B&NbIdent=1&Radius=2&Radius.unit=arcmin&submit=submit+id"", ""GRB Location"": ""RA:345.45983, DEC:38.67963"", ""BAT light curve"": ""https://swift.gsfc.nasa.gov/results/batgrbcat//GRB051109B/web/GRB051109B.html#lc"", ""X-ray light curve"": ""https://www.swift.ac.uk/xrt_live_cat/00163170""}",118003.0
95372889,data\zooniverse\images\95372889.png,https://panoptes-uploads.zooniverse.org/subject_location/21311efe-3ce1-470f-930b-2217e8b3a46c.png,GRB051111,,,,-1,"{""SIMBAD"": ""https://simbad.u-strasbg.fr/simbad/sim-id?Ident=GRB051111&NbIdent=1&Radius=2&Radius.unit=arcmin&submit=submit+id"", ""GRB Location"": ""RA:348.13788, DEC:18.37451"", ""BAT light curve"": ""https://swift.gsfc.nasa.gov/results/batgrbcat//GRB051111/web/GRB051111.html#lc"", ""X-ray light curve"": ""https://www.swift.ac.uk/xrt_live_cat/00163438""}",118003.0
95372890,data\zooniverse\images\95372890.png,https://panoptes-uploads.zooniverse.org/subject_location/888afce5-c835-4f56-b833-fafe6bc12cb3.png,GRB051113,,,,-1,"{""SIMBAD"": ""https://simbad.u-strasbg.fr/simbad/sim-id?Ident=GRB051113&NbIdent=1&Radius=2&Radius.unit=arcmin&submit=submit+id"", ""GRB Location"": ""RA:N/A, DEC:N/A"", ""BAT light curve"": ""https://swift.gsfc.nasa.gov/results/batgrbcat//GRB051113/web/GRB051113.html#lc"", ""X-ray light curve"": ""https://www.swift.ac.uk/xrt_live_cat/00163765""}",118003.0
95372891,data\zooniverse\images\95372891.png,https://panoptes-uploads.zooniverse.org/subject_location/bee99b3d-da43-42fe-aac2-186dfa4249fa.png,GRB051117A,,,,-1,"{""SIMBAD"": ""https://simbad.u-strasbg.fr/simbad/sim-id?Ident=GRB051117A&NbIdent=1&Radius=2&Radius.unit=arcmin&submit=submit+id"", ""GRB Location"": ""RA:228.39179, DEC:30.86996"", ""BAT light curve"": ""https://swift.gsfc.nasa.gov/results/batgrbcat//GRB051117A/web/GRB051117A.html#lc"", ""X-ray light curve"": ""https://www.swift.ac.uk/xrt_live_cat/00164268""}",118003.0
95372893,data\zooniverse\images\95372893.png,https://panoptes-uploads.zooniverse.org/subject_location/e3f16a6c-cac2-452b-9bcd-95a066c9a36e.png,GRB051117B,,,,-1,"{""SIMBAD"": ""https://simbad.u-strasbg.fr/simbad/sim-id?Ident=GRB051117B&NbIdent=1&Radius=2&Radius.unit=arcmin&submit=submit+id"", ""GRB Location"": ""RA:85.18073, DEC:-19.27423"", ""BAT light curve"": ""https://swift.gsfc.nasa.gov/results/batgrbcat//GRB051117B/web/GRB051117B.html#lc"", ""X-ray light curve"": ""https://www.swift.ac.uk/xrt_live_cat/00164279""}",118003.0
95372894,data\zooniverse\images\95372894.png,https://panoptes-uploads.zooniverse.org/subject_location/12e50cf2-fbbb-4c48-87aa-a958ff0d5df7.png,GRB051210,,,,-1,"{""SIMBAD"": ""https://simbad.u-strasbg.fr/simbad/sim-id?Ident=GRB051210&NbIdent=1&Radius=2&Radius.unit=arcmin&submit=submit+id"", ""GRB Location"": ""RA:330.17159, DEC:-57.61372"", ""BAT light curve"": ""https://swift.gsfc.nasa.gov/results/batgrbcat//GRB051210/web/GRB051210.html#lc"", ""X-ray light curve"": ""https://www.swift.ac.uk/xrt_live_cat/00171931""}",118003.0
95372895,data\zooniverse\images\95372895.png,https://panoptes-uploads.zooniverse.org/subject_location/baa07151-709c-4706-a2dd-193c811b92bf.png,GRB051213,,,,-1,"{""SIMBAD"": ""https://simbad.u-strasbg.fr/simbad/sim-id?Ident=GRB051213&NbIdent=1&Radius=2&Radius.unit=arcmin&submit=submit+id"", ""GRB Location"": ""RA:N/A, DEC:N/A"", ""BAT light curve"": ""https://swift.gsfc.nasa.gov/results/batgrbcat//GRB051213/web/GRB051213.html#lc"", ""X-ray light curve"": ""https://www.swift.ac.uk/xrt_live_cat/00172516""}",118003.0
95372896,data\zooniverse\images\95372896.png,https://panoptes-uploads.zooniverse.org/subject_location/72ef039f-feff-4446-a584-1fadd0cf2ce3.png,GRB051221A,,,,-1,"{""SIMBAD"": ""https://simbad.u-strasbg.fr/simbad/sim-id?Ident=GRB051221A&NbIdent=1&Radius=2&Radius.unit=arcmin&submit=submit+id"", ""GRB Location"": ""RA:328.70252, DEC:16.89067"", ""BAT light curve"": ""https://swift.gsfc.nasa.gov/results/batgrbcat//GRB051221A/web/GRB051221A.html#lc"", ""X-ray light curve"": ""https://www.swift.ac.uk/xrt_live_cat/00173780""}",118003.0
95372898,data\zooniverse\images\95372898.png,https://panoptes-uploads.zooniverse.org/subject_location/cbe598c0-937f-41dd-9af6-4a2ddb8cd03c.png,GRB051221B,,,,-1,"{""SIMBAD"": ""https://simbad.u-strasbg.fr/simbad/sim-id?Ident=GRB051221B&NbIdent=1&Radius=2&Radius.unit=arcmin&submit=submit+id"", ""GRB Location"": ""RA:312.39718, DEC:53.0363"", ""BAT light curve"": ""https://swift.gsfc.nasa.gov/results/batgrbcat//GRB051221B/web/GRB051221B.html#lc"", ""X-ray light curve"": ""https://www.swift.ac.uk/xrt_live_cat/00173904""}",118003.0
95372900,data\zooniverse\images\95372900.png,https://panoptes-uploads.zooniverse.org/subject_location/fb360625-0911-4303-928d-0f659e0e33bd.png,GRB051227,,,,-1,"{""SIMBAD"": ""https://simbad.u-strasbg.fr/simbad/sim-id?Ident=GRB051227&NbIdent=1&Radius=2&Radius.unit=arcmin&submit=submit+id"", ""GRB Location"": ""RA:125.242148683, DEC:31.9256229493"", ""BAT light curve"": ""https://swift.gsfc.nasa.gov/results/batgrbcat//GRB051227/web/GRB051227.html#lc"", ""X-ray light curve"": ""https://www.swift.ac.uk/xrt_live_cat/00174738""}",118003.0
95372902,data\zooniverse\images\95372902.png,https://panoptes-uploads.zooniverse.org/subject_location/b3cbf065-31dc-496a-972e-cb410475ea38.png,GRB060102,,,,-1,"{""SIMBAD"": ""https://simbad.u-strasbg.fr/simbad/sim-id?Ident=GRB060102&NbIdent=1&Radius=2&Radius.unit=arcmin&submit=submit+id"", ""GRB Location"": ""RA:N/A, DEC:N/A"", ""BAT light curve"": ""https://swift.gsfc.nasa.gov/results/batgrbcat//GRB060102/web/GRB060102.html#lc"", ""X-ray light curve"": ""https://www.swift.ac.uk/xrt_live_cat/00175603""}",118003.0
95372903,data\zooniverse\images\95372903.png,https://panoptes-uploads.zooniverse.org/subject_location/6d12b534-7e98-4a76-a8b2-c50b82baf7a3.png,GRB060105,,,,-1,"{""SIMBAD"": ""https://simbad.u-strasbg.fr/simbad/sim-id?Ident=GRB060105&NbIdent=1&Radius=2&Radius.unit=arcmin&submit=submit+id"", ""GRB Location"": ""RA:297.50289, DEC:46.34892"", ""BAT light curve"": ""https://swift.gsfc.nasa.gov/results/batgrbcat//GRB060105/web/GRB060105.html#lc"", ""X-ray light curve"": ""https://www.swift.ac.uk/xrt_live_cat/00175942""}",118003.0
95372904,data\zooniverse\images\95372904.png,https://panoptes-uploads.zooniverse.org/subject_location/feedc8db-919a-4041-98b9-ef06caf98b74.png,GRB060108,,,,-1,"{""SIMBAD"": ""https://simbad.u-strasbg.fr/simbad/sim-id?Ident=GRB060108&NbIdent=1&Radius=2&Radius.unit=arcmin&submit=submit+id"", ""GRB Location"": ""RA:147.00864, DEC:31.91867"", ""BAT light curve"": ""https://swift.gsfc.nasa.gov/results/batgrbcat//GRB060108/web/GRB060108.html#lc"", ""X-ray light curve"": ""https://www.swift.ac.uk/xrt_live_cat/00176453""}",118003.0
95372905,data\zooniverse\images\95372905.png,https://panoptes-uploads.zooniverse.org/subject_location/8fd7ef96-5173-49a8-a714-b93ee1624100.png,GRB060109,,,,-1,"{""SIMBAD"": ""https://simbad.u-strasbg.fr/simbad/sim-id?Ident=GRB060109&NbIdent=1&Radius=2&Radius.unit=arcmin&submit=submit+id"", ""GRB Location"": ""RA:282.68192, DEC:31.99085"", ""BAT light curve"": ""https://swift.gsfc.nasa.gov/results/batgrbcat//GRB060109/web/GRB060109.html#lc"", ""X-ray light curve"": ""https://www.swift.ac.uk/xrt_live_cat/00176620""}",118003.0
95372907,data\zooniverse\images\95372907.png,https://panoptes-uploads.zooniverse.org/subject_location/91576cd8-18cc-4155-98c3-5de672d310a5.png,GRB060110,,,,-1,"{""SIMBAD"": ""https://simbad.u-strasbg.fr/simbad/sim-id?Ident=GRB060110&NbIdent=1&Radius=2&Radius.unit=arcmin&submit=submit+id"", ""GRB Location"": ""RA:72.7406792406, DEC:28.4318726562"", ""BAT light curve"": ""https://swift.gsfc.nasa.gov/results/batgrbcat//GRB060110/web/GRB060110.html#lc"", ""X-ray light curve"": ""https://www.swift.ac.uk/xrt_live_cat/00176702""}",118003.0
95372908,data\zooniverse\images\95372908.png,https://panoptes-uploads.zooniverse.org/subject_location/b5218971-bbec-420c-98dc-8db2c1464407.png,GRB060111A,,,,-1,"{""SIMBAD"": ""https://simbad.u-strasbg.fr/simbad/sim-id?Ident=GRB060111A&NbIdent=1&Radius=2&Radius.unit=arcmin&submit=submit+id"", ""GRB Location"": ""RA:276.20449, DEC:37.60394"", ""BAT light curve"": ""https://swift.gsfc.nasa.gov/results/batgrbcat//GRB060111A/web/GRB060111A.html#lc"", ""X-ray light curve"": ""https://www.swift.ac.uk/xrt_live_cat/00176818""}",118003.0
95372910,data\zooniverse\images\95372910.png,https://panoptes-uploads.zooniverse.org/subject_location/34c82058-65a1-423b-a79a-ef0c367163c6.png,GRB060111B,,,,-1,"{""SIMBAD"": ""https://simbad.u-strasbg.fr/simbad/sim-id?Ident=GRB060111B&NbIdent=1&Radius=2&Radius.unit=arcmin&submit=submit+id"", ""GRB Location"": ""RA:286.42739, DEC:70.37601"", ""BAT light curve"": ""https://swift.gsfc.nasa.gov/results/batgrbcat//GRB060111B/web/GRB060111B.html#lc"", ""X-ray light curve"": ""https://www.swift.ac.uk/xrt_live_cat/00176918""}",118003.0
95372911,data\zooniverse\images\95372911.png,https://panoptes-uploads.zooniverse.org/subject_location/b8333ec5-4b81-4689-80db-37c938d080f7.png,GRB060115,,,,-1,"{""SIMBAD"": ""https://simbad.u-strasbg.fr/simbad/sim-id?Ident=GRB060115&NbIdent=1&Radius=2&Radius.unit=arcmin&submit=submit+id"", ""GRB Location"": ""RA:54.0346, DEC:17.34525"", ""BAT light curve"": ""https://swift.gsfc.nasa.gov/results/batgrbcat//GRB060115/web/GRB060115.html#lc"", ""X-ray light curve"": ""https://www.swift.ac.uk/xrt_live_cat/00177408""}",118003.0
95372762,data\zooniverse\images\95372762.png,https://panoptes-uploads.zooniverse.org/subject_location/5869dfca-d2e2-42bd-9f36-a9157c0f4981.png,GRB041217,,,,-1,"{""SIMBAD"": ""https://simbad.u-strasbg.fr/simbad/sim-id?Ident=GRB041217&NbIdent=1&Radius=2&Radius.unit=arcmin&submit=submit+id"", ""GRB Location"": ""RA:N/A, DEC:N/A"", ""BAT light curve"": ""https://swift.gsfc.nasa.gov/results/batgrbcat//GRB041217/web/GRB041217.html#lc"", ""X-ray light curve"": ""https://www.swift.ac.uk/xrt_live_cat/00100116""}",118003
95372765,data\zooniverse\images\95372765.png,https://panoptes-uploads.zooniverse.org/subject_location/0ee7ffa2-b382-478b-8652-a7b93d664469.png,GRB041219C,,,,-1,"{""SIMBAD"": ""https://simbad.u-strasbg.fr/simbad/sim-id?Ident=GRB041219C&NbIdent=1&Radius=2&Radius.unit=arcmin&submit=submit+id"", ""GRB Location"": ""RA:N/A, DEC:N/A"", ""BAT light curve"": ""https://swift.gsfc.nasa.gov/results/batgrbcat//GRB041219C/web/GRB041219C.html#lc"", ""X-ray light curve"": ""https://www.swift.ac.uk/xrt_live_cat/00100380""}",118003
95372767,data\zooniverse\images\95372767.png,https://panoptes-uploads.zooniverse.org/subject_location/7c39d61b-cd6c-4329-b254-4f6f31e1a75b.png,GRB041220,,,,-1,"{""SIMBAD"": ""https://simbad.u-strasbg.fr/simbad/sim-id?Ident=GRB041220&NbIdent=1&Radius=2&Radius.unit=arcmin&submit=submit+id"", ""GRB Location"": ""RA:N/A, DEC:N/A"", ""BAT light curve"": ""https://swift.gsfc.nasa.gov/results/batgrbcat//GRB041220/web/GRB041220.html#lc"", ""X-ray light curve"": ""https://www.swift.ac.uk/xrt_live_cat/00100433""}",118003
95372768,data\zooniverse\images\95372768.png,https://panoptes-uploads.zooniverse.org/subject_location/bafc470a-28c0-42c1-a682-7a9d1daafb4a.png,GRB041223,,,,-1,"{""SIMBAD"": ""https://simbad.u-strasbg.fr/simbad/sim-id?Ident=GRB041223&NbIdent=1&Radius=2&Radius.unit=arcmin&submit=submit+id"", ""GRB Location"": ""RA:100.1973773949, DEC:-37.0734871505"", ""BAT light curve"": ""https://swift.gsfc.nasa.gov/results/batgrbcat//GRB041223/web/GRB041223.html#lc"", ""X-ray light curve"": ""https://www.swift.ac.uk/xrt_live_cat/00100585""}",118003
95372769,data\zooniverse\images\95372769.png,https://panoptes-uploads.zooniverse.org/subject_location/e1bd2605-daa5-4608-992c-16d1ac6e57bd.png,GRB041224,,,,-1,"{""SIMBAD"": ""https://simbad.u-strasbg.fr/simbad/sim-id?Ident=GRB041224&NbIdent=1&Radius=2&Radius.unit=arcmin&submit=submit+id"", ""GRB Location"": ""RA:N/A, DEC:N/A"", ""BAT light curve"": ""https://swift.gsfc.nasa.gov/results/batgrbcat//GRB041224/web/GRB041224.html#lc"", ""X-ray light curve"": ""https://www.swift.ac.uk/xrt_live_cat/00100703""}",118003
95372770,data\zooniverse\images\95372770.png,https://panoptes-uploads.zooniverse.org/subject_location/cce1264a-4d8b-43a5-8117-d9fc32536ad7.png,GRB041226,,,,-1,"{""SIMBAD"": ""https://simbad.u-strasbg.fr/simbad/sim-id?Ident=GRB041226&NbIdent=1&Radius=2&Radius.unit=arcmin&submit=submit+id"", ""GRB Location"": ""RA:N/A, DEC:N/A"", ""BAT light curve"": ""https://swift.gsfc.nasa.gov/results/batgrbcat//GRB041226/web/GRB041226.html#lc"", ""X-ray light curve"": ""https://www.swift.ac.uk/xrt_live_cat/00100815""}",118003
95372771,data\zooniverse\images\95372771.png,https://panoptes-uploads.zooniverse.org/subject_location/0e82f620-e1d3-4580-873e-9ba8e20e3a1a.png,GRB041228,,,,-1,"{""SIMBAD"": ""https://simbad.u-strasbg.fr/simbad/sim-id?Ident=GRB041228&NbIdent=1&Radius=2&Radius.unit=arcmin&submit=submit+id"", ""GRB Location"": ""RA:N/A, DEC:N/A"", ""BAT light curve"": ""https://swift.gsfc.nasa.gov/results/batgrbcat//GRB041228/web/GRB041228.html#lc"", ""X-ray light curve"": ""https://www.swift.ac.uk/xrt_live_cat/00100970""}",118003
95372774,data\zooniverse\images\95372774.png,https://panoptes-uploads.zooniverse.org/subject_location/d774b6a9-71a5-4fa2-af35-0a070b604227.png,GRB050117,,,,-1,"{""SIMBAD"": ""https://simbad.u-strasbg.fr/simbad/sim-id?Ident=GRB050117&NbIdent=1&Radius=2&Radius.unit=arcmin&submit=submit+id"", ""GRB Location"": ""RA:N/A, DEC:N/A"", ""BAT light curve"": ""https://swift.gsfc.nasa.gov/results/batgrbcat//GRB050117/web/GRB050117.html#lc"", ""X-ray light curve"": ""https://www.swift.ac.uk/xrt_live_cat/00102861""}",118003
95372775,data\zooniverse\images\95372775.png,https://panoptes-uploads.zooniverse.org/subject_location/d45f0cdf-d89b-4d31-a1a0-4645860f7504.png,GRB050124,,,,-1,"{""SIMBAD"": ""https://simbad.u-strasbg.fr/simbad/sim-id?Ident=GRB050124&NbIdent=1&Radius=2&Radius.unit=arcmin&submit=submit+id"", ""GRB Location"": ""RA:192.87695, DEC:13.04422"", ""BAT light curve"": ""https://swift.gsfc.nasa.gov/results/batgrbcat//GRB050124/web/GRB050124.html#lc"", ""X-ray light curve"": ""https://www.swift.ac.uk/xrt_live_cat/00103647""}",118003
95372777,data\zooniverse\images\95372777.png,https://panoptes-uploads.zooniverse.org/subject_location/a3fe41b9-cb18-4d49-9f6b-5f1e7142dc47.png,GRB050126,,,,-1,"{""SIMBAD"": ""https://simbad.u-strasbg.fr/simbad/sim-id?Ident=GRB050126&NbIdent=1&Radius=2&Radius.unit=arcmin&submit=submit+id"", ""GRB Location"": ""RA:278.112847385, DEC:42.3704665763"", ""BAT light curve"": ""https://swift.gsfc.nasa.gov/results/batgrbcat//GRB050126/web/GRB050126.html#lc"", ""X-ray light curve"": ""https://www.swift.ac.uk/xrt_live_cat/00103780""}",118003
95372780,data\zooniverse\images\95372780.png,https://panoptes-uploads.zooniverse.org/subject_location/e8a56989-1371-43e1-95a1-ae5e768eabf8.png,GRB050128,,,,-1,"{""SIMBAD"": ""https://simbad.u-strasbg.fr/simbad/sim-id?Ident=GRB050128&NbIdent=1&Radius=2&Radius.unit=arcmin&submit=submit+id"", ""GRB Location"": ""RA:219.57385, DEC:-34.76537"", ""BAT light curve"": ""https://swift.gsfc.nasa.gov/results/batgrbcat//GRB050128/web/GRB050128.html#lc"", ""X-ray light curve"": ""https://www.swift.ac.uk/xrt_live_cat/00103906""}",118003
95372781,data\zooniverse\images\95372781.png,https://panoptes-uploads.zooniverse.org/subject_location/216f06f6-0461-4bc9-857c-5127657a8fc8.png,GRB050202,,,,-1,"{""SIMBAD"": ""https://simbad.u-strasbg.fr/simbad/sim-id?Ident=GRB050202&NbIdent=1&Radius=2&Radius.unit=arcmin&submit=submit+id"", ""GRB Location"": ""RA:N/A, DEC:N/A"", ""BAT light curve"": ""https://swift.gsfc.nasa.gov/results/batgrbcat//GRB050202/web/GRB050202.html#lc"", ""X-ray light curve"": ""https://www.swift.ac.uk/xrt_live_cat/00104298""}",118003
95372782,data\zooniverse\images\95372782.png,https://panoptes-uploads.zooniverse.org/subject_location/16956142-f57f-4699-9e96-6fd3b1b6bba8.png,GRB050215A,,,,-1,"{""SIMBAD"": ""https://simbad.u-strasbg.fr/simbad/sim-id?Ident=GRB050215A&NbIdent=1&Radius=2&Radius.unit=arcmin&submit=submit+id"", ""GRB Location"": ""RA:N/A, DEC:N/A"", ""BAT light curve"": ""https://swift.gsfc.nasa.gov/results/batgrbcat//GRB050215A/web/GRB050215A.html#lc"", ""X-ray light curve"": ""https://www.swift.ac.uk/xrt_live_cat/00106106""}",118003
95372783,data\zooniverse\images\95372783.png,https://panoptes-uploads.zooniverse.org/subject_location/9cc6f65c-5e53-49a8-976b-6699db24ebfc.png,GRB050215B,,,,-1,"{""SIMBAD"": ""https://simbad.u-strasbg.fr/simbad/sim-id?Ident=GRB050215B&NbIdent=1&Radius=2&Radius.unit=arcmin&submit=submit+id"", ""GRB Location"": ""RA:174.44819, DEC:40.79697"", ""BAT light curve"": ""https://swift.gsfc.nasa.gov/results/batgrbcat//GRB050215B/web/GRB050215B.html#lc"", ""X-ray light curve"": ""https://www.swift.ac.uk/xrt_live_cat/00106107""}",118003
95372784,data\zooniverse\images\95372784.png,https://panoptes-uploads.zooniverse.org/subject_location/5b24ae5e-20fd-4eeb-aee9-f33751531cc0.png,GRB050219A,,,,-1,"{""SIMBAD"": ""https://simbad.u-strasbg.fr/simbad/sim-id?Ident=GRB050219A&NbIdent=1&Radius=2&Radius.unit=arcmin&submit=submit+id"", ""GRB Location"": ""RA:166.41232, DEC:-40.68408"", ""BAT light curve"": ""https://swift.gsfc.nasa.gov/results/batgrbcat//GRB050219A/web/GRB050219A.html#lc"", ""X-ray light curve"": ""https://www.swift.ac.uk/xrt_live_cat/00106415""}",118003
95372785,data\zooniverse\images\95372785.png,https://panoptes-uploads.zooniverse.org/subject_location/565e5a57-a2a6-4743-9c2e-35db3233fd15.png,GRB050219B,,,,-1,"{""SIMBAD"": ""https://simbad.u-strasbg.fr/simbad/sim-id?Ident=GRB050219B&NbIdent=1&Radius=2&Radius.unit=arcmin&submit=submit+id"", ""GRB Location"": ""RA:81.31716, DEC:-57.75791"", ""BAT light curve"": ""https://swift.gsfc.nasa.gov/results/batgrbcat//GRB050219B/web/GRB050219B.html#lc"", ""X-ray light curve"": ""https://www.swift.ac.uk/xrt_live_cat/00106442""}",118003
95372786,data\zooniverse\images\95372786.png,https://panoptes-uploads.zooniverse.org/subject_location/d756b538-6a13-4398-abac-836d40b5873d.png,GRB050223,,,,-1,"{""SIMBAD"": ""https://simbad.u-strasbg.fr/simbad/sim-id?Ident=GRB050223&NbIdent=1&Radius=2&Radius.unit=arcmin&submit=submit+id"", ""GRB Location"": ""RA:271.38496, DEC:-62.4723"", ""BAT light curve"": ""https://swift.gsfc.nasa.gov/results/batgrbcat//GRB050223/web/GRB050223.html#lc"", ""X-ray light curve"": ""https://www.swift.ac.uk/xrt_live_cat/00106709""}",118003
95372789,data\zooniverse\images\95372789.png,https://panoptes-uploads.zooniverse.org/subject_location/41ef5461-4069-4646-a421-4b650f044911.png,GRB050306,,,,-1,"{""SIMBAD"": ""https://simbad.u-strasbg.fr/simbad/sim-id?Ident=GRB050306&NbIdent=1&Radius=2&Radius.unit=arcmin&submit=submit+id"", ""GRB Location"": ""RA:N/A, DEC:N/A"", ""BAT light curve"": ""https://swift.gsfc.nasa.gov/results/batgrbcat//GRB050306/web/GRB050306.html#lc"", ""X-ray light curve"": ""https://www.swift.ac.uk/xrt_live_cat/00107547""}",118003
95372791,data\zooniverse\images\95372791.png,https://panoptes-uploads.zooniverse.org/subject_location/772ad398-c9ae-472c-977a-10da7b3ad0e9.png,GRB050315,,,,-1,"{""SIMBAD"": ""https://simbad.u-strasbg.fr/simbad/sim-id?Ident=GRB050315&NbIdent=1&Radius=2&Radius.unit=arcmin&submit=submit+id"", ""GRB Location"": ""RA:306.47569, DEC:-42.60053"", ""BAT light curve"": ""https://swift.gsfc.nasa.gov/results/batgrbcat//GRB050315/web/GRB050315.html#lc"", ""X-ray light curve"": ""https://www.swift.ac.uk/xrt_live_cat/00111063""}",118003
95372793,data\zooniverse\images\95372793.png,https://panoptes-uploads.zooniverse.org/subject_location/2c843ec6-70a0-4667-8401-2f86e04ace77.png,GRB050318,,,,-1,"{""SIMBAD"": ""https://simbad.u-strasbg.fr/simbad/sim-id?Ident=GRB050318&NbIdent=1&Radius=2&Radius.unit=arcmin&submit=submit+id"", ""GRB Location"": ""RA:49.71299, DEC:-46.39602"", ""BAT light curve"": ""https://swift.gsfc.nasa.gov/results/batgrbcat//GRB050318/web/GRB050318.html#lc"", ""X-ray light curve"": ""https://www.swift.ac.uk/xrt_live_cat/00111529""}",118003
95372795,data\zooniverse\images\95372795.png,https://panoptes-uploads.zooniverse.org/subject_location/bdbb3878-4f74-4287-b406-abfe2cbef9e8.png,GRB050319,,,,-1,"{""SIMBAD"": ""https://simbad.u-strasbg.fr/simbad/sim-id?Ident=GRB050319&NbIdent=1&Radius=2&Radius.unit=arcmin&submit=submit+id"", ""GRB Location"": ""RA:154.19965, DEC:43.54797"", ""BAT light curve"": ""https://swift.gsfc.nasa.gov/results/batgrbcat//GRB050319/web/GRB050319.html#lc"", ""X-ray light curve"": ""https://www.swift.ac.uk/xrt_live_cat/00111622""}",118003
95372796,data\zooniverse\images\95372796.png,https://panoptes-uploads.zooniverse.org/subject_location/6bad87c2-8613-4eaa-88e6-c2ae39473191.png,GRB050326,,,,-1,"{""SIMBAD"": ""https://simbad.u-strasbg.fr/simbad/sim-id?Ident=GRB050326&NbIdent=1&Radius=2&Radius.unit=arcmin&submit=submit+id"", ""GRB Location"": ""RA:6.94629, DEC:-71.37105"", ""BAT light curve"": ""https://swift.gsfc.nasa.gov/results/batgrbcat//GRB050326/web/GRB050326.html#lc"", ""X-ray light curve"": ""https://www.swift.ac.uk/xrt_live_cat/00112453""}",118003
95372797,data\zooniverse\images\95372797.png,https://panoptes-uploads.zooniverse.org/subject_location/ac15c3bf-7a24-4f17-a638-940621921193.png,GRB050401,,,,-1,"{""SIMBAD"": ""https://simbad.u-strasbg.fr/simbad/sim-id?Ident=GRB050401&NbIdent=1&Radius=2&Radius.unit=arcmin&submit=submit+id"", ""GRB Location"": ""RA:247.8700707794, DEC:2.1872850747"", ""BAT light curve"": ""https://swift.gsfc.nasa.gov/results/batgrbcat//GRB050401/web/GRB050401.html#lc"", ""X-ray light curve"": ""https://www.swift.ac.uk/xrt_live_cat/00113120""}",118003
95372798,data\zooniverse\images\95372798.png,https://panoptes-uploads.zooniverse.org/subject_location/4e9b8bcf-9eb7-4399-8919-0c0e1ed11aa0.png,GRB050406,,,,-1,"{""SIMBAD"": ""https://simbad.u-strasbg.fr/simbad/sim-id?Ident=GRB050406&NbIdent=1&Radius=2&Radius.unit=arcmin&submit=submit+id"", ""GRB Location"": ""RA:34.4673, DEC:-50.188"", ""BAT light curve"": ""https://swift.gsfc.nasa.gov/results/batgrbcat//GRB050406/web/GRB050406.html#lc"", ""X-ray light curve"": ""https://www.swift.ac.uk/xrt_live_cat/00113872""}",118003
95372799,data\zooniverse\images\95372799.png,https://panoptes-uploads.zooniverse.org/subject_location/ba7b6f61-7a63-4d19-bd44-6d6314ba03df.png,GRB050410,,,,-1,"{""SIMBAD"": ""https://simbad.u-strasbg.fr/simbad/sim-id?Ident=GRB050410&NbIdent=1&Radius=2&Radius.unit=arcmin&submit=submit+id"", ""GRB Location"": ""RA:89.80711, DEC:79.60361"", ""BAT light curve"": ""https://swift.gsfc.nasa.gov/results/batgrbcat//GRB050410/web/GRB050410.html#lc"", ""X-ray light curve"": ""https://www.swift.ac.uk/xrt_live_cat/00114299""}",118003
95372801,data\zooniverse\images\95372801.png,https://panoptes-uploads.zooniverse.org/subject_location/1724d881-84e1-4748-a632-6de5feb89a7a.png,GRB050412,,,,-1,"{""SIMBAD"": ""https://simbad.u-strasbg.fr/simbad/sim-id?Ident=GRB050412&NbIdent=1&Radius=2&Radius.unit=arcmin&submit=submit+id"", ""GRB Location"": ""RA:181.1052759535, DEC:-1.2001457008"", ""BAT light curve"": ""https://swift.gsfc.nasa.gov/results/batgrbcat//GRB050412/web/GRB050412.html#lc"", ""X-ray light curve"": ""https://www.swift.ac.uk/xrt_live_cat/00114485""}",118003
95372803,data\zooniverse\images\95372803.png,https://panoptes-uploads.zooniverse.org/subject_location/c66bd158-0abb-49da-a9a4-d22da890751c.png,GRB050416A,,,,-1,"{""SIMBAD"": ""https://simbad.u-strasbg.fr/simbad/sim-id?Ident=GRB050416A&NbIdent=1&Radius=2&Radius.unit=arcmin&submit=submit+id"", ""GRB Location"": ""RA:188.47763, DEC:21.05738"", ""BAT light curve"": ""https://swift.gsfc.nasa.gov/results/batgrbcat//GRB050416A/web/GRB050416A.html#lc"", ""X-ray light curve"": ""https://www.swift.ac.uk/xrt_live_cat/00114753""}",118003
95372805,data\zooniverse\images\95372805.png,https://panoptes-uploads.zooniverse.org/subject_location/3b1c404f-d5ff-4637-a339-f47079a14f24.png,GRB050416B,,,,-1,"{""SIMBAD"": ""https://simbad.u-strasbg.fr/simbad/sim-id?Ident=GRB050416B&NbIdent=1&Radius=2&Radius.unit=arcmin&submit=submit+id"", ""GRB Location"": ""RA:N/A, DEC:N/A"", ""BAT light curve"": ""https://swift.gsfc.nasa.gov/results/batgrbcat//GRB050416B/web/GRB050416B.html#lc"", ""X-ray light curve"": ""https://www.swift.ac.uk/xrt_live_cat/00114797""}",118003
95372807,data\zooniverse\images\95372807.png,https://panoptes-uploads.zooniverse.org/subject_location/194d9ac4-e080-4575-817b-386576157f2f.png,GRB050418,,,,-1,"{""SIMBAD"": ""https://simbad.u-strasbg.fr/simbad/sim-id?Ident=GRB050418&NbIdent=1&Radius=2&Radius.unit=arcmin&submit=submit+id"", ""GRB Location"": ""RA:N/A, DEC:N/A"", ""BAT light curve"": ""https://swift.gsfc.nasa.gov/results/batgrbcat//GRB050418/web/GRB050418.html#lc"", ""X-ray light curve"": ""https://www.swift.ac.uk/xrt_live_cat/00114893""}",118003
95372808,data\zooniverse\images\95372808.png,https://panoptes-uploads.zooniverse.org/subject_location/a62a36d1-bde4-46ce-a396-d82e55df4688.png,GRB050421,,,,-1,"{""SIMBAD"": ""https://simbad.u-strasbg.fr/simbad/sim-id?Ident=GRB050421&NbIdent=1&Radius=2&Radius.unit=arcmin&submit=submit+id"", ""GRB Location"": ""RA:307.26157, DEC:73.65497"", ""BAT light curve"": ""https://swift.gsfc.nasa.gov/results/batgrbcat//GRB050421/web/GRB050421.html#lc"", ""X-ray light curve"": ""https://www.swift.ac.uk/xrt_live_cat/00115135""}",118003
95372809,data\zooniverse\images\95372809.png,https://panoptes-uploads.zooniverse.org/subject_location/bf720f01-f632-4ac1-a21c-04e37d32caa2.png,GRB050422,,,,-1,"{""SIMBAD"": ""https://simbad.u-strasbg.fr/simbad/sim-id?Ident=GRB050422&NbIdent=1&Radius=2&Radius.unit=arcmin&submit=submit+id"", ""GRB Location"": ""RA:324.4779699536, DEC:55.7791386105"", ""BAT light curve"": ""https://swift.gsfc.nasa.gov/results/batgrbcat//GRB050422/web/GRB050422.html#lc"", ""X-ray light curve"": ""https://www.swift.ac.uk/xrt_live_cat/00115214""}",118003
95372810,data\zooniverse\images\95372810.png,https://panoptes-uploads.zooniverse.org/subject_location/558fbaee-697b-479a-8de0-ef918671bda6.png,GRB050502B,,,,-1,"{""SIMBAD"": ""https://simbad.u-strasbg.fr/simbad/sim-id?Ident=GRB050502B&NbIdent=1&Radius=2&Radius.unit=arcmin&submit=submit+id"", ""GRB Location"": ""RA:142.54222, DEC:16.99659"", ""BAT light curve"": ""https://swift.gsfc.nasa.gov/results/batgrbcat//GRB050502B/web/GRB050502B.html#lc"", ""X-ray light curve"": ""https://www.swift.ac.uk/xrt_live_cat/00116116""}",118003
95372811,data\zooniverse\images\95372811.png,https://panoptes-uploads.zooniverse.org/subject_location/c150ff6b-56ea-420f-a9d2-1f767b085497.png,GRB050505,,,,-1,"{""SIMBAD"": ""https://simbad.u-strasbg.fr/simbad/sim-id?Ident=GRB050505&NbIdent=1&Radius=2&Radius.unit=arcmin&submit=submit+id"", ""GRB Location"": ""RA:141.76394, DEC:30.27343"", ""BAT light curve"": ""https://swift.gsfc.nasa.gov/results/batgrbcat//GRB050505/web/GRB050505.html#lc"", ""X-ray light curve"": ""https://www.swift.ac.uk/xrt_live_cat/00117504""}",118003
95372813,data\zooniverse\images\95372813.png,https://panoptes-uploads.zooniverse.org/subject_location/e8c615dd-edd7-4342-bca8-67386ffb16d0.png,GRB050507,,,,-1,"{""SIMBAD"": ""https://simbad.u-strasbg.fr/simbad/sim-id?Ident=GRB050507&NbIdent=1&Radius=2&Radius.unit=arcmin&submit=submit+id"", ""GRB Location"": ""RA:N/A, DEC:N/A"", ""BAT light curve"": ""https://swift.gsfc.nasa.gov/results/batgrbcat//GRB050507/web/GRB050507.html#lc"", ""X-ray light curve"": ""https://www.swift.ac.uk/xrt_live_cat/00118248""}",118003
95372815,data\zooniverse\images\95372815.png,https://panoptes-uploads.zooniverse.org/subject_location/18ef9455-ff00-4d86-9ecf-421b2dc6b5c0.png,GRB050509A,,,,-1,"{""SIMBAD"": ""https://simbad.u-strasbg.fr/simbad/sim-id?Ident=GRB050509A&NbIdent=1&Radius=2&Radius.unit=arcmin&submit=submit+id"", ""GRB Location"": ""RA:310.58344, DEC:54.07126"", ""BAT light curve"": ""https://swift.gsfc.nasa.gov/results/batgrbcat//GRB050509A/web/GRB050509A.html#lc"", ""X-ray light curve"": ""https://www.swift.ac.uk/xrt_live_cat/00118707""}",118003
95372816,data\zooniverse\images\95372816.png,https://panoptes-uploads.zooniverse.org/subject_location/ad319184-a718-492b-8803-bc8d738333a9.png,GRB050509B,,,,-1,"{""SIMBAD"": ""https://simbad.u-strasbg.fr/simbad/sim-id?Ident=GRB050509B&NbIdent=1&Radius=2&Radius.unit=arcmin&submit=submit+id"", ""GRB Location"": ""RA:189.05739, DEC:28.98426"", ""BAT light curve"": ""https://swift.gsfc.nasa.gov/results/batgrbcat//GRB050509B/web/GRB050509B.html#lc"", ""X-ray light curve"": ""https://www.swift.ac.uk/xrt_live_cat/00118749""}",118003
95372819,data\zooniverse\images\95372819.png,https://panoptes-uploads.zooniverse.org/subject_location/cb5dc489-b217-4b66-a4d2-0b35355fe8c6.png,GRB050525A,,,,-1,"{""SIMBAD"": ""https://simbad.u-strasbg.fr/simbad/sim-id?Ident=GRB050525A&NbIdent=1&Radius=2&Radius.unit=arcmin&submit=submit+id"", ""GRB Location"": ""RA:278.13599, DEC:26.33934"", ""BAT light curve"": ""https://swift.gsfc.nasa.gov/results/batgrbcat//GRB050525A/web/GRB050525A.html#lc"", ""X-ray light curve"": ""https://www.swift.ac.uk/xrt_live_cat/00130088""}",118003
95372821,data\zooniverse\images\95372821.png,https://panoptes-uploads.zooniverse.org/subject_location/f9e84f56-d47e-4a32-833b-cdb660b78b39.png,GRB050528,,,,-1,"{""SIMBAD"": ""https://simbad.u-strasbg.fr/simbad/sim-id?Ident=GRB050528&NbIdent=1&Radius=2&Radius.unit=arcmin&submit=submit+id"", ""GRB Location"": ""RA:N/A, DEC:N/A"", ""BAT light curve"": ""https://swift.gsfc.nasa.gov/results/batgrbcat//GRB050528/web/GRB050528.html#lc"", ""X-ray light curve"": ""https://www.swift.ac.uk/xrt_live_cat/00130679""}",118003
95372822,data\zooniverse\images\95372822.png,https://panoptes-uploads.zooniverse.org/subject_location/4e704ef6-65fa-4927-b5b4-deb993376c2b.png,GRB050603,,,,-1,"{""SIMBAD"": ""https://simbad.u-strasbg.fr/simbad/sim-id?Ident=GRB050603&NbIdent=1&Radius=2&Radius.unit=arcmin&submit=submit+id"", ""GRB Location"": ""RA:39.98711, DEC:-25.18188"", ""BAT light curve"": ""https://swift.gsfc.nasa.gov/results/batgrbcat//GRB050603/web/GRB050603.html#lc"", ""X-ray light curve"": ""https://www.swift.ac.uk/xrt_live_cat/00131560""}",118003
95372823,data\zooniverse\images\95372823.png,https://panoptes-uploads.zooniverse.org/subject_location/5bc58393-e563-46e0-8df0-242b0122fe5b.png,GRB050607,,,,-1,"{""SIMBAD"": ""https://simbad.u-strasbg.fr/simbad/sim-id?Ident=GRB050607&NbIdent=1&Radius=2&Radius.unit=arcmin&submit=submit+id"", ""GRB Location"": ""RA:300.1783035648, DEC:9.1419236902"", ""BAT light curve"": ""https://swift.gsfc.nasa.gov/results/batgrbcat//GRB050607/web/GRB050607.html#lc"", ""X-ray light curve"": ""https://www.swift.ac.uk/xrt_live_cat/00132247""}",118003
95372824,data\zooniverse\images\95372824.png,https://panoptes-uploads.zooniverse.org/subject_location/54abab1c-2680-4b9a-92b7-a7decbdf978f.png,GRB050701,,,,-1,"{""SIMBAD"": ""https://simbad.u-strasbg.fr/simbad/sim-id?Ident=GRB050701&NbIdent=1&Radius=2&Radius.unit=arcmin&submit=submit+id"", ""GRB Location"": ""RA:227.25549, DEC:-59.4144"", ""BAT light curve"": ""https://swift.gsfc.nasa.gov/results/batgrbcat//GRB050701/web/GRB050701.html#lc"", ""X-ray light curve"": ""https://www.swift.ac.uk/xrt_live_cat/00143708""}",118003
95372825,data\zooniverse\images\95372825.png,https://panoptes-uploads.zooniverse.org/subject_location/cca3587d-1b53-432b-8d67-0e40768a2f91.png,GRB050712,,,,-1,"{""SIMBAD"": ""https://simbad.u-strasbg.fr/simbad/sim-id?Ident=GRB050712&NbIdent=1&Radius=2&Radius.unit=arcmin&submit=submit+id"", ""GRB Location"": ""RA:77.70025, DEC:64.91347"", ""BAT light curve"": ""https://swift.gsfc.nasa.gov/results/batgrbcat//GRB050712/web/GRB050712.html#lc"", ""X-ray light curve"": ""https://www.swift.ac.uk/xrt_live_cat/00145581""}",118003
95372826,data\zooniverse\images\95372826.png,https://panoptes-uploads.zooniverse.org/subject_location/8f4b408f-bd14-45d7-8fb1-e4efb44e0157.png,GRB050713A,,,,-1,"{""SIMBAD"": ""https://simbad.u-strasbg.fr/simbad/sim-id?Ident=GRB050713A&NbIdent=1&Radius=2&Radius.unit=arcmin&submit=submit+id"", ""GRB Location"": ""RA:320.53843, DEC:77.07467"", ""BAT light curve"": ""https://swift.gsfc.nasa.gov/results/batgrbcat//GRB050713A/web/GRB050713A.html#lc"", ""X-ray light curve"": ""https://www.swift.ac.uk/xrt_live_cat/00145675""}",118003
95372828,data\zooniverse\images\95372828.png,https://panoptes-uploads.zooniverse.org/subject_location/1ebbee82-806b-4a91-bd04-051e0c0a7cd9.png,GRB050713B,,,,-1,"{""SIMBAD"": ""https://simbad.u-strasbg.fr/simbad/sim-id?Ident=GRB050713B&NbIdent=1&Radius=2&Radius.unit=arcmin&submit=submit+id"", ""GRB Location"": ""RA:307.81489, DEC:60.94526"", ""BAT light curve"": ""https://swift.gsfc.nasa.gov/results/batgrbcat//GRB050713B/web/GRB050713B.html#lc"", ""X-ray light curve"": ""https://www.swift.ac.uk/xrt_live_cat/00145754""}",118003
95372829,data\zooniverse\images\95372829.png,https://panoptes-uploads.zooniverse.org/subject_location/21431f20-010d-4633-b6f4-77f88b82d114.png,GRB050714B,,,,-1,"{""SIMBAD"": ""https://simbad.u-strasbg.fr/simbad/sim-id?Ident=GRB050714B&NbIdent=1&Radius=2&Radius.unit=arcmin&submit=submit+id"", ""GRB Location"": ""RA:169.69853, DEC:-15.54724"", ""BAT light curve"": ""https://swift.gsfc.nasa.gov/results/batgrbcat//GRB050714B/web/GRB050714B.html#lc"", ""X-ray light curve"": ""https://www.swift.ac.uk/xrt_live_cat/00145994""}",118003
95372832,data\zooniverse\images\95372832.png,https://panoptes-uploads.zooniverse.org/subject_location/d5b9b911-a79c-4a02-b43e-e08c63aaff72.png,GRB050715,,,,-1,"{""SIMBAD"": ""https://simbad.u-strasbg.fr/simbad/sim-id?Ident=GRB050715&NbIdent=1&Radius=2&Radius.unit=arcmin&submit=submit+id"", ""GRB Location"": ""RA:N/A, DEC:N/A"", ""BAT light curve"": ""https://swift.gsfc.nasa.gov/results/batgrbcat//GRB050715/web/GRB050715.html#lc"", ""X-ray light curve"": ""https://www.swift.ac.uk/xrt_live_cat/00146129""}",118003
95372834,data\zooniverse\images\95372834.png,https://panoptes-uploads.zooniverse.org/subject_location/faf848c4-6a1c-4e29-9e8e-ad0c71e46de3.png,GRB050716,,,,-1,"{""SIMBAD"": ""https://simbad.u-strasbg.fr/simbad/sim-id?Ident=GRB050716&NbIdent=1&Radius=2&Radius.unit=arcmin&submit=submit+id"", ""GRB Location"": ""RA:338.58661, DEC:38.68428"", ""BAT light curve"": ""https://swift.gsfc.nasa.gov/results/batgrbcat//GRB050716/web/GRB050716.html#lc"", ""X-ray light curve"": ""https://www.swift.ac.uk/xrt_live_cat/00146227""}",118003
95372836,data\zooniverse\images\95372836.png,https://panoptes-uploads.zooniverse.org/subject_location/4a3198bc-a689-4879-aec9-578e3d890a77.png,GRB050717,,,,-1,"{""SIMBAD"": ""https://simbad.u-strasbg.fr/simbad/sim-id?Ident=GRB050717&NbIdent=1&Radius=2&Radius.unit=arcmin&submit=submit+id"", ""GRB Location"": ""RA:214.3523712634, DEC:-50.5334236966"", ""BAT light curve"": ""https://swift.gsfc.nasa.gov/results/batgrbcat//GRB050717/web/GRB050717.html#lc"", ""X-ray light curve"": ""https://www.swift.ac.uk/xrt_live_cat/00146372""}",118003
95372837,data\zooniverse\images\95372837.png,https://panoptes-uploads.zooniverse.org/subject_location/779a87f4-af7f-43c1-8214-2d9e02f4eb4c.png,GRB050721,,,,-1,"{""SIMBAD"": ""https://simbad.u-strasbg.fr/simbad/sim-id?Ident=GRB050721&NbIdent=1&Radius=2&Radius.unit=arcmin&submit=submit+id"", ""GRB Location"": ""RA:253.43562, DEC:-28.38123"", ""BAT light curve"": ""https://swift.gsfc.nasa.gov/results/batgrbcat//GRB050721/web/GRB050721.html#lc"", ""X-ray light curve"": ""https://www.swift.ac.uk/xrt_live_cat/00146970""}",118003
95372838,data\zooniverse\images\95372838.png,https://panoptes-uploads.zooniverse.org/subject_location/d699f63e-0626-4968-a898-9cc22635b906.png,GRB050724,,,,-1,"{""SIMBAD"": ""https://simbad.u-strasbg.fr/simbad/sim-id?Ident=GRB050724&NbIdent=1&Radius=2&Radius.unit=arcmin&submit=submit+id"", ""GRB Location"": ""RA:246.18466, DEC:-27.54078"", ""BAT light curve"": ""https://swift.gsfc.nasa.gov/results/batgrbcat//GRB050724/web/GRB050724.html#lc"", ""X-ray light curve"": ""https://www.swift.ac.uk/xrt_live_cat/00147478""}",118003
